density,0.000083748,0.000166322,1.848,2,0.00116528,0.00133151,0.000838505,2.6989,2.33,0.00166201,4.54,7.874,8.96,5.323,0.00347832,10.22,10.5,7.31,0.00548536,7.9004,19.3,21.45,19.32,11.35,18.95,1.127,0.0010967,0.92,0.00120479,3.97,1.45,1.85,1.85,1.76,3.18,0.00184212,1.49,1.03,4.51,0.00117497,1.024,2.23,1.42,2.635,2.44,1.05,0.000667151,1,1.04,1.04,1.11,1.07,1.14,0.93,3.815,1.032,1.2,0.94,1.4,1.19,0.9,1.06,2.2,1.3,0.00187939,2.32,3.667,0.9707,0.00106409,0.00182628,0.8669,1,0.000756182,1.7
Energy,,,,,,,,,,,,,,,,,,,,,,,,,,,,,,,,,,,,,,,,,,,,,,,,,,,,,,,,,,,,,,,,,,,,,,,,,,
(MeV),HYDROGEN,HELIUM,BERYLLIUM,AMORPHOUS CARBON,NITROGEN,OXYGEN,NEON,ALUMINUM,SILICON,ARGON,TITANIUM,IRON,COPPER,GERMANIUM,KRYPTON,MOLYBDENUM,SILVER,TIN,XENON,GADOLINIUM,TUNGSTEN,PLATINUM,GOLD,LEAD,URANIUM,A-150 TISSUE-EQUIVALENT PLASTIC,ACETYLENE,ADIPOSE TISSUE (ICRP),AIR; DRY (NEAR SEA LEVEL),ALUMINUM OXIDE,B-100 BONE-EQUIVALENT PLASTIC,BONE; COMPACT (ICRU),BONE; CORTICAL (ICRP),C-552 AIR-EQUIVALENT PLASTIC,CALCIUM FLUORIDE,CARBON DIOXIDE,CELLULOSE NITRATE,CERIC SULFATE DOSIMETER SOLUTION,CESIUM IODIDE,ETHYLENE,FERROUS SULFATE DOSIMETER SOLUTION,Pyrex Glass,KAPTON POLYIMIDE FILM,LITHIUM FLUORIDE,LITHIUM TETRABORATE,M3 WAX,METHANE,MS20 TISSUE SUBSTITUTE,MUSCLE; SKELETAL (ICRP),MUSCLE; STRIATED (ICRU),MUSCLE-EQUIVALENT LIQUID; WITH SUCROSE,MUSCLE-EQUIVALENT LIQUID; WITHOUT SUCROSE,NYLON; TYPE 6 AND TYPE 6/6,PARAFFIN WAX,PHOTOGRAPHIC EMULSION,PLASTIC SCINTILLATOR (VINYLTOLUENE BASED),POLYCARBONATE (MAKROLON; LEXAN),POLYETHYLENE,POLYETHYLENE TEREPHTHALATE (MYLAR),POLYMETHYL METHACRALATE (LUCITE; PERSPEX; PLEXIGLASS),POLYPROPYLENE,POLYSTYRENE,POLYTETRAFLUOROETHYLENE (TEFLON),POLYVINYL CHLORIDE,PROPANE,SILICON DIOXIDE,SODIUM IODIDE,STILBENE,TISSUE-EQUIVALENT GAS (METHANE BASED),TISSUE-EQUIVALENT GAS (PROPANE BASED),TOLUENE,WATER; LIQUID,WATER VAPOR,CARBON (GRAPHITE)
0.001,0.000001091,0.000004882,0.000007469,0.000008354,0.000009363,0.00001158,0.00001811,0.00001471,0.0000134,0.00001741,0.0000242,0.00003706,0.00004116,0.0000339,0.00003486,0.00004014,0.00005358,0.00005045,0.00004404,0.00006484,0.0001088,0.0001185,0.0001115,0.0001079,0.0000929,0.000005313,0.00000541,0.000004827,0.000009857,0.00001563,0.000006887,0.00000704,0.000008301,0.000008842,0.00001705,0.00001072,0.000008054,0.000006355,0.00004801,0.000004193,0.000006349,0.00001337,0.000007428,0.00001271,0.00001013,0.000004874,0.000003201,0.000005705,0.000006269,0.000006233,0.000006087,0.000006108,0.00000512,0.000004125,0.00001948,0.000005235,0.000006229,0.000004716,0.00000692,0.000005659,0.000004539,0.0000054,0.00001336,0.000007734,0.000004008,0.00001395,0.00003644,0.000005669,0.000005418,0.000005466,0.000005179,0.000006319,0.000005871,0.000008186
0.0015,0.000001574,0.000006887,0.00001008,0.00001116,0.00001244,0.00001542,0.00002434,0.00001906,0.00001728,0.00002223,0.00003094,0.00004758,0.00005267,0.00004298,0.00004404,0.00005065,0.00006767,0.00006355,0.00005533,0.00008147,0.000137,0.0001491,0.0001401,0.0001355,0.0001164,0.000007411,0.000007455,0.000006732,0.0000131,0.00002077,0.000009518,0.000009701,0.00001137,0.00001202,0.00002231,0.00001431,0.00001094,0.000008992,0.00006035,0.000005852,0.000008989,0.00001771,0.00001007,0.0000173,0.00001359,0.000006772,0.000004542,0.000007874,0.000008825,0.00000878,0.000008532,0.000008585,0.000007094,0.000005761,0.00002597,0.000007227,0.000008537,0.000006672,0.000009443,0.000007816,0.000006393,0.000007439,0.00001789,0.0000105,0.000005676,0.00001844,0.00004654,0.000007791,0.000007548,0.000007639,0.000007154,0.000008969,0.000008258,0.00001092
0.002,0.000002012,0.000008691,0.00001238,0.00001363,0.00001515,0.00001881,0.00002989,0.00002285,0.00002064,0.00002639,0.00003676,0.00005672,0.00006263,0.0000508,0.00005193,0.00005967,0.00007976,0.00007476,0.00006497,0.00009569,0.000161,0.0001753,0.0001646,0.0001592,0.0001365,0.00000929,0.000009274,0.000008436,0.00001595,0.00002532,0.00001186,0.00001207,0.00001409,0.00001484,0.00002692,0.00001749,0.00001349,0.00001138,0.00007091,0.000007335,0.00001138,0.00002153,0.0000124,0.00002139,0.00001664,0.000008466,0.00000575,0.000009804,0.00001113,0.00001108,0.00001073,0.00001081,0.000008853,0.000007224,0.00003165,0.000009,0.00001059,0.000008438,0.00001168,0.000009737,0.000008061,0.000009254,0.0000219,0.00001295,0.00000718,0.0000224,0.00005525,0.000009676,0.000009454,0.000009587,0.000008913,0.00001137,0.00001041,0.00001331
0.0025,0.000002413,0.00001033,0.00001445,0.00001586,0.00001758,0.00002187,0.00003494,0.00002623,0.00002364,0.00003009,0.00004194,0.00006489,0.00007152,0.00005773,0.00005892,0.00006765,0.00009048,0.0000847,0.0000735,0.0001083,0.0001824,0.0001985,0.0001864,0.0001801,0.0001542,0.000011,0.00001092,0.000009982,0.00001852,0.00002942,0.00001399,0.00001422,0.00001655,0.00001739,0.00003106,0.00002035,0.0000158,0.00001355,0.00008025,0.000008681,0.00001356,0.00002497,0.00001451,0.0000251,0.0000194,0.00001,0.000006851,0.00001155,0.00001323,0.00001317,0.00001273,0.00001285,0.00001045,0.000008552,0.00003674,0.00001061,0.00001244,0.00001005,0.00001371,0.00001148,0.000009578,0.00001089,0.00002553,0.00001515,0.000008551,0.00002596,0.000063,0.00001138,0.00001118,0.00001136,0.0000105,0.00001357,0.00001237,0.00001546
0.003,0.000002783,0.00001184,0.00001635,0.0000179,0.00001982,0.00002468,0.00003961,0.00002933,0.00002638,0.00003346,0.00004666,0.00007234,0.00007964,0.00006404,0.00006527,0.00007491,0.0001002,0.00009371,0.00008123,0.0001197,0.0002018,0.0002196,0.0002061,0.000199,0.0001702,0.00001257,0.00001243,0.00001141,0.00002088,0.0000332,0.00001595,0.00001619,0.00001881,0.00001974,0.00003485,0.00002299,0.00001792,0.00001557,0.00008872,0.00000992,0.00001558,0.00002813,0.00001644,0.00002852,0.00002193,0.00001141,0.000007867,0.00001316,0.00001517,0.00001511,0.00001458,0.00001472,0.00001191,0.000009774,0.00004139,0.00001208,0.00001414,0.00001154,0.00001557,0.00001308,0.00001098,0.0000124,0.00002886,0.00001717,0.000009817,0.00002923,0.00007004,0.00001295,0.00001278,0.00001299,0.00001197,0.0000156,0.00001417,0.00001742
0.004,0.000003455,0.00001458,0.00001978,0.00002162,0.00002384,0.00002976,0.00004807,0.00003487,0.00003128,0.00003949,0.00005511,0.00008573,0.00009419,0.00007531,0.0000766,0.00008786,0.0001176,0.0001098,0.000095,0.00014,0.0002363,0.0002571,0.0002412,0.0002328,0.0001988,0.00001543,0.00001519,0.000014,0.00002512,0.00004001,0.0000195,0.00001977,0.00002291,0.000024,0.00004166,0.00002773,0.00002176,0.00001923,0.0001038,0.00001217,0.00001925,0.00003382,0.00001996,0.0000347,0.00002649,0.00001398,0.000009709,0.00001608,0.0000187,0.00001862,0.00001792,0.00001813,0.00001458,0.000012,0.00004977,0.00001477,0.00001724,0.00001424,0.00001894,0.00001598,0.00001352,0.00001513,0.00003491,0.00002082,0.00001211,0.00003513,0.00008264,0.0000158,0.00001566,0.00001595,0.00001463,0.0000193,0.00001745,0.00002098
0.005,0.000004058,0.00001704,0.00002282,0.00002501,0.00002743,0.00003429,0.00005567,0.00003981,0.00003564,0.00004483,0.00006262,0.00009765,0.0001071,0.00008531,0.00008663,0.00009932,0.000133,0.000124,0.0001072,0.000158,0.0002669,0.0002904,0.0002723,0.0002627,0.0002241,0.000018,0.00001768,0.00001633,0.00002891,0.00004611,0.00002269,0.00002298,0.00002658,0.00002785,0.00004773,0.00003198,0.0000252,0.00002252,0.0001172,0.00001421,0.00002254,0.00003891,0.00002314,0.00004024,0.00003057,0.0000163,0.00001136,0.00001871,0.00002186,0.00002178,0.00002093,0.00002118,0.00001698,0.00001401,0.00005724,0.0000172,0.00002004,0.00001666,0.00002199,0.00001861,0.00001579,0.00001756,0.00004036,0.0000241,0.00001417,0.00004039,0.00009381,0.00001839,0.00001825,0.00001859,0.00001704,0.00002262,0.00002039,0.00002421
0.006,0.000004609,0.00001927,0.0000256,0.00002813,0.0000307,0.00003842,0.00006264,0.0000443,0.00003961,0.00004968,0.00006944,0.0001085,0.0001189,0.00009438,0.00009573,0.0001097,0.000147,0.0001369,0.0001182,0.0001743,0.0002947,0.0003206,0.0003005,0.0002898,0.0002469,0.00002035,0.00001997,0.00001847,0.00003236,0.00005167,0.00002561,0.00002592,0.00002993,0.00003139,0.00005327,0.00003584,0.00002836,0.00002553,0.0001293,0.00001608,0.00002556,0.00004354,0.00002606,0.0000453,0.00003428,0.00001842,0.00001287,0.00002112,0.00002475,0.00002466,0.00002368,0.00002398,0.00001918,0.00001585,0.00006405,0.00001943,0.00002261,0.00001888,0.00002479,0.00002101,0.00001787,0.00001979,0.00004537,0.0000271,0.00001605,0.00004519,0.000104,0.00002076,0.0000206,0.00002101,0.00001926,0.00002567,0.00002308,0.00002718
0.007,0.000005119,0.00002135,0.00002817,0.00003104,0.00003372,0.00004225,0.00006909,0.00004845,0.00004326,0.00005416,0.00007574,0.0001185,0.0001298,0.0001028,0.0001041,0.0001193,0.00016,0.0001488,0.0001284,0.0001893,0.0003203,0.0003484,0.0003266,0.0003148,0.000268,0.00002254,0.00002211,0.00002047,0.00003555,0.00005682,0.00002832,0.00002865,0.00003304,0.00003468,0.00005838,0.00003942,0.00003128,0.00002832,0.0001404,0.00001781,0.00002835,0.00004783,0.00002878,0.00004999,0.00003772,0.00002039,0.00001426,0.00002336,0.00002743,0.00002734,0.00002623,0.00002657,0.00002123,0.00001756,0.00007035,0.00002151,0.00002501,0.00002093,0.0000274,0.00002325,0.0000198,0.00002184,0.00005001,0.00002989,0.00001779,0.00004963,0.0001133,0.00002298,0.00002278,0.00002325,0.00002132,0.00002849,0.00002557,0.00002994
0.008,0.000005597,0.00002328,0.00003056,0.00003379,0.00003654,0.00004582,0.00007514,0.00005232,0.00004668,0.00005834,0.00008162,0.0001279,0.00014,0.0001106,0.000112,0.0001283,0.000172,0.0001599,0.0001378,0.0002033,0.0003442,0.0003743,0.0003508,0.0003381,0.0002876,0.00002459,0.00002412,0.00002234,0.00003853,0.00006164,0.00003086,0.00003121,0.00003595,0.00003778,0.00006317,0.00004277,0.00003403,0.00003094,0.0001508,0.00001944,0.00003097,0.00005184,0.00003133,0.00005437,0.00004093,0.00002224,0.00001557,0.00002546,0.00002994,0.00002984,0.00002861,0.000029,0.00002315,0.00001917,0.00007624,0.00002347,0.00002726,0.00002285,0.00002985,0.00002535,0.0000216,0.00002376,0.00005438,0.0000325,0.00001942,0.00005378,0.000122,0.00002506,0.00002482,0.00002534,0.00002326,0.00003113,0.0000279,0.00003254
0.009,0.000006047,0.00002511,0.00003282,0.00003641,0.0000392,0.00004919,0.00008086,0.00005597,0.00004989,0.00006227,0.00008715,0.0001368,0.0001496,0.0001179,0.0001193,0.0001367,0.0001833,0.0001704,0.0001467,0.0002164,0.0003666,0.0003988,0.0003736,0.00036,0.0003061,0.00002653,0.00002603,0.00002411,0.00004134,0.00006619,0.00003327,0.00003363,0.0000387,0.00004072,0.00006767,0.00004593,0.00003662,0.0000334,0.0001606,0.00002099,0.00003344,0.00005561,0.00003376,0.00005851,0.00004396,0.000024,0.0000168,0.00002746,0.00003231,0.00003221,0.00003086,0.00003129,0.00002497,0.0000207,0.0000818,0.00002533,0.0000294,0.00002466,0.00003217,0.00002734,0.0000233,0.00002557,0.00005852,0.00003497,0.00002096,0.00005769,0.0001303,0.00002704,0.00002675,0.00002732,0.00002511,0.00003363,0.0000301,0.00003502
0.01,0.000006473,0.00002684,0.00003496,0.00003893,0.00004172,0.00005239,0.00008628,0.00005943,0.00005294,0.00006599,0.0000924,0.0001451,0.0001587,0.0001249,0.0001263,0.0001446,0.0001941,0.0001802,0.0001552,0.0002289,0.0003879,0.0004219,0.0003953,0.0003807,0.0003235,0.00002838,0.00002785,0.0000258,0.000044,0.0000705,0.00003555,0.00003593,0.00004132,0.00004352,0.00007194,0.00004892,0.00003909,0.00003574,0.0001698,0.00002247,0.00003579,0.0000592,0.00003608,0.00006243,0.00004683,0.00002567,0.00001797,0.00002936,0.00003456,0.00003445,0.000033,0.00003346,0.0000267,0.00002215,0.00008707,0.0000271,0.00003144,0.00002638,0.00003439,0.00002923,0.00002491,0.00002728,0.00006246,0.00003732,0.00002242,0.0000614,0.000138,0.00002893,0.00002857,0.00002919,0.00002687,0.00003599,0.00003219,0.00003739
0.0125,0.000007467,0.00003086,0.00003994,0.00004484,0.00004758,0.00005982,0.00009889,0.00006746,0.00006002,0.00007463,0.0001046,0.0001646,0.0001798,0.000141,0.0001425,0.0001631,0.000219,0.0002031,0.0001747,0.0002578,0.0004372,0.0004755,0.0004454,0.0004288,0.000364,0.00003269,0.00003212,0.00002975,0.00005019,0.00008052,0.00004088,0.00004129,0.0000474,0.00005009,0.00008186,0.00005587,0.00004484,0.00004118,0.0001913,0.00002592,0.00004124,0.00006752,0.00004151,0.00007154,0.0000535,0.00002958,0.00002068,0.0000338,0.00003979,0.00003967,0.00003797,0.00003851,0.00003076,0.00002556,0.00009935,0.00003127,0.00003623,0.00003037,0.00003958,0.00003367,0.00002865,0.00003127,0.00007166,0.00004281,0.0000258,0.00007003,0.0001561,0.00003337,0.00003281,0.00003354,0.00003099,0.0000415,0.00003703,0.00004295
0.015,0.000008388,0.00003457,0.00004456,0.00005035,0.00005297,0.00006666,0.0001105,0.00007489,0.00006656,0.00008258,0.0001158,0.0001825,0.0001993,0.0001559,0.0001573,0.00018,0.0002418,0.0002241,0.0001927,0.0002842,0.0004825,0.0005246,0.0004913,0.0004728,0.000401,0.00003667,0.0000361,0.00003341,0.00005588,0.00008975,0.00004581,0.00004626,0.00005301,0.00005618,0.00009099,0.00006226,0.00005016,0.00004619,0.000211,0.00002914,0.00004626,0.0000752,0.00004656,0.00007994,0.00005964,0.00003321,0.00002318,0.00003792,0.00004461,0.00004448,0.00004256,0.00004317,0.00003453,0.00002873,0.0001107,0.00003514,0.00004067,0.00003405,0.00004439,0.00003778,0.0000321,0.00003497,0.00008016,0.00004789,0.00002893,0.00007798,0.0001727,0.0000375,0.00003672,0.00003756,0.00003483,0.00004657,0.0000415,0.00004812
0.0175,0.000009254,0.00003804,0.00004892,0.00005556,0.00005801,0.00007304,0.0001213,0.00008186,0.00007268,0.00009001,0.0001262,0.0001991,0.0002175,0.0001698,0.0001712,0.0001958,0.0002632,0.0002437,0.0002094,0.0003089,0.0005245,0.0005703,0.0005341,0.0005138,0.0004355,0.00004041,0.00003985,0.00003686,0.0000612,0.00009837,0.00005043,0.00005091,0.00005827,0.00006191,0.00009951,0.00006822,0.00005515,0.00005088,0.0002293,0.00003216,0.00005096,0.00008237,0.00005131,0.00008777,0.00006538,0.00003663,0.00002552,0.0000418,0.00004912,0.00004898,0.00004686,0.00004754,0.00003807,0.00003171,0.0001213,0.00003879,0.00004486,0.0000375,0.00004892,0.00004165,0.00003534,0.00003843,0.00008813,0.00005267,0.00003186,0.0000854,0.0001881,0.0000414,0.00004037,0.00004131,0.00003845,0.00005131,0.00004567,0.00005299
0.02,0.00001008,0.00004132,0.00005309,0.00006053,0.00006277,0.00007906,0.0001315,0.00008848,0.00007849,0.00009703,0.000136,0.0002148,0.0002348,0.000183,0.0001842,0.0002107,0.0002833,0.0002621,0.0002252,0.000332,0.0005641,0.0006133,0.0005744,0.0005523,0.0004679,0.00004396,0.00004343,0.00004014,0.00006623,0.0001065,0.00005481,0.00005533,0.00006325,0.00006735,0.0001075,0.00007384,0.00005987,0.0000553,0.0002465,0.00003504,0.00005539,0.00008914,0.00005583,0.00009516,0.0000708,0.00003988,0.00002774,0.00004549,0.00005338,0.00005323,0.00005092,0.00005166,0.00004144,0.00003455,0.0001313,0.00004227,0.00004885,0.00004075,0.00005323,0.00004533,0.00003839,0.00004172,0.00009568,0.0000572,0.00003462,0.00009242,0.0002026,0.00004511,0.00004382,0.00004485,0.0000419,0.00005578,0.00004961,0.00005763
0.0225,0.00001087,0.00004444,0.0000571,0.0000653,0.00006731,0.00008479,0.0001412,0.00009481,0.00008404,0.0001037,0.0001454,0.0002297,0.0002513,0.0001956,0.0001966,0.0002248,0.0003024,0.0002796,0.0002402,0.000354,0.0006016,0.000654,0.0006126,0.0005887,0.0004985,0.00004735,0.00004686,0.00004329,0.00007101,0.0001143,0.00005899,0.00005954,0.000068,0.00007256,0.0001152,0.00007919,0.00006439,0.00005951,0.0002629,0.00003781,0.00005961,0.00009559,0.00006016,0.0001022,0.00007596,0.000043,0.00002985,0.00004902,0.00005744,0.00005728,0.00005479,0.00005559,0.00004467,0.00003728,0.0001409,0.00004561,0.00005267,0.00004385,0.00005736,0.00004886,0.00004131,0.00004487,0.0001029,0.00006154,0.00003727,0.0000991,0.0002165,0.00004868,0.0000471,0.00004824,0.00004521,0.00006005,0.00005336,0.00006208
0.025,0.00001163,0.00004744,0.000061,0.00006991,0.00007165,0.00009027,0.0001505,0.0001009,0.00008939,0.0001101,0.0001543,0.0002439,0.0002671,0.0002077,0.0002085,0.0002383,0.0003207,0.0002963,0.0002545,0.000375,0.0006373,0.0006929,0.000649,0.0006235,0.0005278,0.00005061,0.00005017,0.00004632,0.0000756,0.0001217,0.00006301,0.0000636,0.00007256,0.00007758,0.0001225,0.0000843,0.00006872,0.00006355,0.0002785,0.00004048,0.00006366,0.0001018,0.00006433,0.0001089,0.00008091,0.000046,0.00003188,0.00005243,0.00006134,0.00006117,0.00005851,0.00005936,0.00004778,0.00003991,0.0001501,0.00004883,0.00005635,0.00004682,0.00006134,0.00005226,0.00004411,0.0000479,0.0001098,0.00006572,0.0000398,0.0001055,0.0002297,0.00005212,0.00005026,0.00005148,0.0000484,0.00006413,0.00005695,0.00006637
0.0275,0.00001237,0.00005033,0.0000648,0.00007438,0.00007584,0.00009555,0.0001594,0.0001069,0.00009458,0.0001163,0.0001629,0.0002575,0.0002824,0.0002193,0.0002199,0.0002513,0.0003382,0.0003124,0.0002684,0.0003952,0.0006716,0.0007301,0.000684,0.0006568,0.0005559,0.00005377,0.00005338,0.00004925,0.00008002,0.0001288,0.00006689,0.00006752,0.00007696,0.00008243,0.0001295,0.00008922,0.00007291,0.00006744,0.0002936,0.00004307,0.00006755,0.0001077,0.00006838,0.0001154,0.00008568,0.00004892,0.00003385,0.00005572,0.00006509,0.00006492,0.0000621,0.000063,0.0000508,0.00004247,0.0001589,0.00005196,0.00005993,0.00004969,0.00006519,0.00005555,0.00004681,0.00005084,0.0001164,0.00006976,0.00004225,0.0001117,0.0002423,0.00005546,0.0000533,0.00005461,0.0000515,0.00006806,0.00006041,0.00007052
0.03,0.00001309,0.00005314,0.00006854,0.00007874,0.0000799,0.0001007,0.000168,0.0001126,0.00009963,0.0001223,0.0001712,0.0002706,0.0002973,0.0002307,0.0002309,0.0002638,0.0003552,0.0003278,0.0002817,0.0004146,0.0007046,0.0007659,0.0007178,0.0006889,0.0005829,0.00005683,0.00005652,0.00005211,0.0000843,0.0001357,0.00007066,0.00007133,0.00008123,0.00008715,0.0001363,0.00009397,0.00007698,0.00007121,0.0003081,0.0000456,0.00007132,0.0001135,0.00007231,0.0001216,0.0000903,0.00005175,0.00003575,0.00005893,0.00006872,0.00006854,0.00006558,0.00006653,0.00005374,0.00004496,0.0001675,0.00005501,0.00006341,0.00005247,0.00006893,0.00005876,0.00004944,0.00005371,0.0001229,0.00007369,0.00004463,0.0001177,0.0002546,0.00005871,0.00005625,0.00005764,0.00005453,0.00007187,0.00006376,0.00007457
0.035,0.00001449,0.00005853,0.00007586,0.00008716,0.00008768,0.0001104,0.0001843,0.0001239,0.0001094,0.0001338,0.0001871,0.0002956,0.000326,0.0002525,0.000252,0.0002877,0.0003878,0.0003574,0.0003074,0.0004516,0.0007673,0.000834,0.0007821,0.0007499,0.0006342,0.00006274,0.00006258,0.00005764,0.0000925,0.000149,0.00007791,0.00007866,0.00008943,0.00009623,0.0001494,0.0001031,0.0000848,0.00007842,0.0003358,0.00005049,0.00007856,0.0001246,0.0000799,0.0001336,0.00009917,0.00005724,0.00003942,0.00006514,0.0000757,0.00007551,0.00007227,0.00007331,0.00005942,0.00004978,0.0001841,0.00006091,0.00007013,0.00005781,0.00007617,0.00006495,0.00005448,0.00005926,0.0001352,0.00008128,0.00004921,0.0001291,0.000278,0.00006501,0.00006191,0.00006347,0.00006038,0.00007916,0.00007019,0.00008237
0.04,0.00001584,0.00006369,0.00008307,0.00009524,0.00009512,0.0001197,0.0001998,0.0001348,0.0001189,0.0001449,0.0002022,0.0003193,0.0003536,0.0002736,0.0002722,0.0003104,0.0004187,0.0003854,0.0003318,0.0004866,0.0008266,0.0008982,0.0008429,0.0008074,0.0006827,0.00006841,0.00006843,0.00006296,0.0001003,0.0001616,0.00008487,0.00008569,0.00009729,0.0001049,0.0001618,0.0001117,0.00009229,0.00008532,0.0003621,0.00005521,0.00008546,0.0001351,0.00008718,0.000145,0.0001076,0.00006254,0.00004294,0.00007111,0.00008237,0.00008217,0.00007867,0.00007979,0.0000649,0.00005444,0.0001999,0.0000666,0.0000766,0.00006293,0.00008311,0.00007091,0.00005932,0.00006463,0.000147,0.00008858,0.0000536,0.0001401,0.0003001,0.00007108,0.00006733,0.00006905,0.00006602,0.00008613,0.00007633,0.00008985
0.045,0.00001718,0.00006867,0.00009022,0.000103,0.0001023,0.0001287,0.0002145,0.0001455,0.0001282,0.0001556,0.0002168,0.0003418,0.0003803,0.0002941,0.0002915,0.0003321,0.0004484,0.0004122,0.0003554,0.00052,0.0008829,0.0009593,0.0009009,0.000862,0.0007289,0.0000739,0.00007409,0.00006813,0.0001079,0.0001737,0.00009159,0.00009249,0.0001049,0.0001133,0.0001737,0.00012,0.00009952,0.00009196,0.0003872,0.0000598,0.00009212,0.0001453,0.00009422,0.0001559,0.0001158,0.00006767,0.00004637,0.00007689,0.00008881,0.0000886,0.00008486,0.00008605,0.0000702,0.00005897,0.0002152,0.00007212,0.00008285,0.00006788,0.00008982,0.00007668,0.00006401,0.00006989,0.0001583,0.00009565,0.00005786,0.0001506,0.0003214,0.00007696,0.00007258,0.00007445,0.00007149,0.00009284,0.00008225,0.00009705
0.05,0.00001849,0.00007353,0.00009736,0.0001106,0.0001093,0.0001373,0.0002287,0.000156,0.0001373,0.000166,0.0002308,0.0003635,0.0004064,0.0003142,0.0003103,0.000353,0.0004772,0.000438,0.0003782,0.0005522,0.0009369,0.001018,0.0009567,0.0009144,0.0007732,0.00007925,0.00007962,0.00007318,0.0001152,0.0001855,0.00009813,0.00009912,0.0001123,0.0001215,0.0001852,0.000128,0.0001065,0.00009842,0.0004115,0.0000643,0.00009859,0.0001552,0.0001011,0.0001664,0.0001237,0.0000727,0.00004972,0.00008254,0.00009508,0.00009485,0.00009089,0.00009215,0.00007539,0.0000634,0.0002301,0.0000775,0.00008895,0.00007271,0.00009635,0.00008231,0.00006858,0.00007506,0.0001692,0.0001026,0.00006202,0.0001609,0.0003419,0.00008269,0.00007769,0.0000797,0.00007683,0.00009935,0.000088,0.000104
0.055,0.0000198,0.00007828,0.0001045,0.000118,0.0001161,0.0001457,0.0002425,0.0001665,0.0001464,0.0001762,0.0002445,0.0003844,0.000432,0.0003341,0.0003287,0.0003734,0.0005051,0.0004631,0.0004006,0.0005833,0.000989,0.001074,0.001011,0.0009648,0.0008158,0.00008449,0.00008504,0.00007813,0.0001224,0.000197,0.0001045,0.0001056,0.0001195,0.0001294,0.0001965,0.0001358,0.0001134,0.0001047,0.0004351,0.00006872,0.0001049,0.0001649,0.0001078,0.0001766,0.0001315,0.00007764,0.00005302,0.00008808,0.0001012,0.000101,0.00009679,0.00009812,0.00008048,0.00006776,0.0002447,0.00008279,0.00009492,0.00007744,0.0001027,0.00008784,0.00007307,0.00008019,0.0001797,0.0001093,0.0000661,0.0001709,0.0003618,0.00008831,0.0000827,0.00008485,0.00008207,0.0001057,0.00009362,0.0001108
0.06,0.0000211,0.00008297,0.0001117,0.0001252,0.0001228,0.000154,0.0002558,0.000177,0.0001555,0.0001864,0.0002579,0.0004046,0.0004573,0.0003537,0.0003467,0.0003932,0.0005325,0.0004875,0.0004226,0.0006136,0.001039,0.001128,0.001063,0.001014,0.0008572,0.00008967,0.00009039,0.00008303,0.0001295,0.0002082,0.0001109,0.000112,0.0001266,0.0001372,0.0002075,0.0001435,0.0001202,0.0001109,0.0004581,0.00007309,0.0001111,0.0001744,0.0001143,0.0001866,0.0001391,0.00008252,0.0000563,0.00009355,0.0001072,0.000107,0.0001026,0.000104,0.00008551,0.00007207,0.0002591,0.000088,0.0001008,0.00008212,0.000109,0.00009329,0.0000775,0.00008529,0.00019,0.000116,0.00007014,0.0001807,0.0003813,0.00009385,0.00008764,0.00008992,0.00008724,0.000112,0.00009915,0.0001175
0.065,0.00002241,0.0000876,0.000119,0.0001323,0.0001295,0.0001621,0.0002688,0.0001875,0.0001646,0.0001964,0.000271,0.0004244,0.0004822,0.0003733,0.0003644,0.0004127,0.0005594,0.0005115,0.0004443,0.0006431,0.001088,0.001181,0.001114,0.001061,0.0008974,0.0000948,0.00009569,0.00008789,0.0001364,0.0002193,0.0001171,0.0001183,0.0001336,0.0001449,0.0002183,0.000151,0.0001268,0.000117,0.0004807,0.00007744,0.0001172,0.0001837,0.0001208,0.0001964,0.0001466,0.00008736,0.00005956,0.00009897,0.0001132,0.0001129,0.0001083,0.0001098,0.0000905,0.00007636,0.0002733,0.00009317,0.0001066,0.00008675,0.0001152,0.00009868,0.00008189,0.0000904,0.0002001,0.0001226,0.00007414,0.0001903,0.0004003,0.00009934,0.00009254,0.00009494,0.00009237,0.0001182,0.0001046,0.000124
0.07,0.00002372,0.00009219,0.0001264,0.0001394,0.000136,0.0001701,0.0002814,0.0001981,0.0001737,0.0002064,0.000284,0.0004436,0.0005068,0.0003929,0.000382,0.0004318,0.0005859,0.000535,0.0004658,0.000672,0.001136,0.001233,0.001164,0.001107,0.0009366,0.0000999,0.000101,0.00009272,0.0001433,0.0002302,0.0001233,0.0001246,0.0001406,0.0001525,0.000229,0.0001584,0.0001334,0.0001231,0.0005029,0.00008177,0.0001233,0.0001929,0.0001272,0.0002061,0.0001541,0.00009219,0.00006282,0.0001044,0.0001191,0.0001188,0.000114,0.0001156,0.00009547,0.00008064,0.0002874,0.00009831,0.0001124,0.00009135,0.0001214,0.000104,0.00008625,0.00009551,0.00021,0.0001292,0.00007813,0.0001999,0.0004191,0.0001048,0.00009741,0.00009992,0.00009747,0.0001243,0.00011,0.0001305
0.075,0.00002505,0.00009677,0.0001338,0.0001463,0.0001426,0.000178,0.0002939,0.0002087,0.000183,0.0002163,0.0002969,0.0004625,0.0005313,0.0004125,0.0003995,0.0004507,0.0006122,0.0005582,0.0004871,0.0007005,0.001183,0.001283,0.001213,0.001152,0.000975,0.000105,0.0001062,0.00009755,0.0001501,0.000241,0.0001295,0.0001308,0.0001475,0.00016,0.0002395,0.0001657,0.00014,0.0001291,0.0005248,0.0000861,0.0001294,0.0002021,0.0001336,0.0002156,0.0001615,0.000097,0.00006608,0.0001097,0.0001249,0.0001247,0.0001197,0.0001213,0.0001004,0.00008491,0.0003014,0.0001034,0.0001182,0.00009595,0.0001275,0.0001094,0.00009061,0.0001007,0.0002198,0.0001358,0.0000821,0.0002094,0.0004376,0.0001102,0.0001023,0.0001049,0.0001026,0.0001303,0.0001154,0.0001369
0.08,0.00002639,0.0001013,0.0001413,0.0001533,0.0001491,0.0001858,0.0003061,0.0002194,0.0001923,0.0002263,0.0003096,0.0004811,0.0005556,0.0004322,0.000417,0.0004694,0.0006381,0.0005811,0.0005085,0.0007285,0.001228,0.001332,0.001261,0.001196,0.001013,0.0001101,0.0001115,0.0001024,0.0001569,0.0002517,0.0001356,0.0001371,0.0001544,0.0001675,0.00025,0.0001729,0.0001465,0.0001351,0.0005465,0.00009044,0.0001354,0.0002112,0.00014,0.000225,0.0001688,0.0001018,0.00006937,0.0001151,0.0001308,0.0001305,0.0001254,0.000127,0.0001054,0.0000892,0.0003154,0.0001086,0.0001239,0.0001006,0.0001336,0.0001147,0.00009496,0.0001058,0.0002295,0.0001424,0.00008609,0.0002188,0.0004559,0.0001156,0.0001071,0.0001098,0.0001076,0.0001364,0.0001208,0.0001433
0.085,0.00002775,0.0001059,0.0001489,0.0001602,0.0001556,0.0001936,0.0003182,0.0002302,0.0002017,0.0002363,0.0003223,0.0004994,0.0005798,0.000452,0.0004344,0.0004879,0.000664,0.0006038,0.0005298,0.0007562,0.001273,0.001381,0.001309,0.001239,0.00105,0.0001152,0.0001167,0.0001072,0.0001637,0.0002624,0.0001418,0.0001433,0.0001612,0.000175,0.0002604,0.0001802,0.000153,0.0001412,0.0005681,0.0000948,0.0001414,0.0002203,0.0001464,0.0002343,0.0001762,0.0001067,0.00007268,0.0001205,0.0001367,0.0001364,0.000131,0.0001327,0.0001103,0.0000935,0.0003293,0.0001137,0.0001296,0.0001052,0.0001397,0.0001201,0.00009933,0.0001111,0.0002391,0.000149,0.00009008,0.0002282,0.0004741,0.0001211,0.000112,0.0001148,0.0001127,0.0001425,0.0001261,0.0001497
0.09,0.00002912,0.0001105,0.0001566,0.0001671,0.0001621,0.0002014,0.0003301,0.0002411,0.0002113,0.0002464,0.0003349,0.0005174,0.0006038,0.0004719,0.0004519,0.0005064,0.0006897,0.0006264,0.0005511,0.0007837,0.001318,0.001428,0.001355,0.001282,0.001086,0.0001203,0.000122,0.0001121,0.0001705,0.000273,0.000148,0.0001495,0.0001681,0.0001824,0.0002708,0.0001874,0.0001595,0.0001472,0.0005895,0.00009918,0.0001474,0.0002293,0.0001527,0.0002436,0.0001835,0.0001115,0.00007602,0.0001259,0.0001425,0.0001422,0.0001367,0.0001385,0.0001153,0.00009783,0.0003434,0.0001189,0.0001354,0.0001098,0.0001459,0.0001255,0.0001037,0.0001164,0.0002486,0.0001556,0.0000941,0.0002375,0.0004922,0.0001265,0.0001169,0.0001197,0.0001179,0.0001485,0.0001315,0.000156
0.095,0.00003052,0.0001151,0.0001644,0.0001741,0.0001686,0.0002091,0.0003419,0.0002521,0.000221,0.0002565,0.0003475,0.0005353,0.0006278,0.0004919,0.0004694,0.0005247,0.0007153,0.0006488,0.0005725,0.0008109,0.001362,0.001475,0.001402,0.001324,0.001122,0.0001254,0.0001273,0.000117,0.0001773,0.0002836,0.0001542,0.0001558,0.0001751,0.0001898,0.0002811,0.0001945,0.0001661,0.0001532,0.0006108,0.0001036,0.0001534,0.0002384,0.0001591,0.0002528,0.0001909,0.0001164,0.0000794,0.0001313,0.0001484,0.0001481,0.0001424,0.0001442,0.0001204,0.0001022,0.0003574,0.000124,0.0001412,0.0001145,0.000152,0.0001308,0.0001081,0.0001217,0.000258,0.0001623,0.00009814,0.0002469,0.0005102,0.000132,0.0001218,0.0001247,0.000123,0.0001546,0.0001369,0.0001624
0.1,0.00003194,0.0001197,0.0001723,0.000181,0.0001752,0.0002169,0.0003536,0.0002632,0.0002308,0.0002668,0.0003602,0.0005529,0.0006517,0.0005121,0.0004871,0.000543,0.0007409,0.0006713,0.0005941,0.000838,0.001405,0.001522,0.001448,0.001365,0.001158,0.0001306,0.0001326,0.0001219,0.0001842,0.0002942,0.0001604,0.0001621,0.000182,0.0001973,0.0002915,0.0002017,0.0001726,0.0001593,0.0006322,0.000108,0.0001595,0.0002475,0.0001655,0.000262,0.0001983,0.0001214,0.00008283,0.0001368,0.0001543,0.000154,0.0001482,0.00015,0.0001254,0.0001066,0.0003715,0.0001293,0.000147,0.0001192,0.0001581,0.0001363,0.0001126,0.0001271,0.0002675,0.000169,0.0001022,0.0002562,0.0005282,0.0001375,0.0001268,0.0001298,0.0001282,0.0001607,0.0001423,0.0001688
0.125,0.00003943,0.0001433,0.0002131,0.0002163,0.0002086,0.000256,0.0004111,0.0003205,0.0002821,0.0003197,0.000424,0.0006396,0.0007707,0.0006154,0.0005776,0.0006351,0.0008691,0.0007835,0.0007043,0.0009725,0.001616,0.001747,0.001674,0.001567,0.001333,0.0001573,0.00016,0.0001473,0.000219,0.0003477,0.0001923,0.0001944,0.0002174,0.000235,0.0003437,0.000238,0.000206,0.0001903,0.0007394,0.0001311,0.0001906,0.0002933,0.0001981,0.000308,0.0002358,0.0001468,0.0001007,0.0001648,0.0001846,0.0001842,0.0001775,0.0001796,0.0001514,0.0001293,0.0004436,0.0001561,0.0001767,0.0001436,0.0001896,0.0001641,0.0001355,0.0001554,0.0003145,0.0002036,0.0001232,0.0003035,0.0006185,0.0001658,0.0001523,0.0001555,0.0001548,0.000192,0.0001701,0.0002013
0.15,0.00004766,0.0001682,0.0002563,0.0002531,0.0002438,0.0002963,0.000468,0.0003808,0.0003373,0.0003762,0.0004901,0.0007251,0.0008897,0.0007231,0.0006735,0.0007295,0.0009994,0.0008983,0.0008202,0.001108,0.001822,0.001966,0.001897,0.001763,0.001505,0.0001856,0.0001891,0.0001743,0.0002554,0.0004026,0.000226,0.0002283,0.0002546,0.000274,0.0003973,0.0002755,0.0002408,0.000223,0.0008497,0.0001556,0.0002233,0.0003405,0.0002323,0.0003547,0.0002749,0.0001739,0.0001202,0.0001945,0.0002165,0.0002161,0.0002085,0.0002109,0.000179,0.0001536,0.0005191,0.0001845,0.000208,0.0001695,0.0002225,0.0001935,0.0001598,0.0001859,0.0003622,0.0002404,0.0001456,0.0003521,0.0007112,0.0001956,0.0001796,0.0001826,0.0001831,0.0002249,0.0001995,0.0002353
0.175,0.00005672,0.0001947,0.0003018,0.000292,0.0002812,0.0003385,0.0005254,0.0004439,0.0003963,0.0004368,0.0005595,0.0008113,0.001009,0.000835,0.0007758,0.0008279,0.001133,0.001017,0.0009431,0.001247,0.002028,0.002184,0.00212,0.001957,0.001679,0.0002158,0.00022,0.0002032,0.000294,0.0004595,0.0002618,0.0002643,0.0002939,0.0003148,0.0004532,0.0003149,0.0002776,0.0002577,0.0009649,0.000182,0.0002581,0.0003898,0.0002685,0.0004029,0.0003162,0.0002029,0.0001415,0.0002262,0.0002505,0.00025,0.0002415,0.0002442,0.0002085,0.0001797,0.0005987,0.0002149,0.0002413,0.0001974,0.0002575,0.0002249,0.0001859,0.0002187,0.0004113,0.0002797,0.0001696,0.0004027,0.0008079,0.0002275,0.0002088,0.0002115,0.0002132,0.0002598,0.0002307,0.0002713
0.2,0.00006666,0.0002231,0.0003495,0.0003332,0.0003209,0.0003828,0.0005839,0.0005098,0.0004588,0.0005018,0.0006325,0.000899,0.00113,0.000951,0.000885,0.0009311,0.00127,0.001142,0.001073,0.001392,0.002237,0.002403,0.002346,0.002154,0.001856,0.0002482,0.0002531,0.0002341,0.0003349,0.0005187,0.0002999,0.0003027,0.0003357,0.0003578,0.0005116,0.0003565,0.0003166,0.0002947,0.001086,0.0002104,0.0002952,0.0004413,0.000307,0.0004529,0.0003597,0.000234,0.0001646,0.0002601,0.0002867,0.0002862,0.0002766,0.0002796,0.0002402,0.0002078,0.0006826,0.0002474,0.0002767,0.0002273,0.0002946,0.0002583,0.0002139,0.0002539,0.0004624,0.0003219,0.0001954,0.0004554,0.0009094,0.0002615,0.0002402,0.0002424,0.0002455,0.0002966,0.0002639,0.0003097
0.225,0.00007752,0.0002534,0.0003996,0.0003768,0.0003632,0.0004295,0.0006441,0.0005785,0.0005247,0.0005711,0.0007096,0.0009892,0.001253,0.001071,0.001001,0.00104,0.001412,0.001273,0.001211,0.001542,0.00245,0.002626,0.002576,0.002353,0.002038,0.0002827,0.0002885,0.0002672,0.0003783,0.0005805,0.0003404,0.0003436,0.0003801,0.0004031,0.0005728,0.0004005,0.000358,0.000334,0.001214,0.0002408,0.0003345,0.0004953,0.0003478,0.0005052,0.0004059,0.0002673,0.0001895,0.0002963,0.0003251,0.0003246,0.0003141,0.0003174,0.000274,0.0002379,0.000771,0.0002821,0.0003145,0.0002592,0.0003341,0.0002941,0.0002438,0.0002915,0.0005155,0.0003669,0.0002229,0.0005106,0.001016,0.0002977,0.0002737,0.0002753,0.00028,0.0003354,0.0002992,0.0003507
0.25,0.00008933,0.0002857,0.0004518,0.000423,0.0004081,0.0004787,0.0007063,0.0006498,0.0005939,0.0006447,0.0007909,0.001082,0.001377,0.001194,0.001124,0.001154,0.001557,0.001411,0.001355,0.0017,0.002668,0.002854,0.00281,0.002558,0.002227,0.0003194,0.0003258,0.0003026,0.0004244,0.0006447,0.0003833,0.0003869,0.0004271,0.0004508,0.0006369,0.000447,0.0004019,0.0003754,0.001349,0.0002731,0.0003759,0.000552,0.0003912,0.0005598,0.0004548,0.0003029,0.0002162,0.0003349,0.0003658,0.0003652,0.0003537,0.0003573,0.00031,0.0002701,0.0008637,0.0003191,0.0003546,0.000293,0.000376,0.0003322,0.0002758,0.0003316,0.0005709,0.0004146,0.0002523,0.0005682,0.001129,0.0003363,0.0003094,0.0003103,0.0003168,0.0003761,0.0003366,0.0003944
0.275,0.0001021,0.0003201,0.0005062,0.0004718,0.0004556,0.0005305,0.0007708,0.0007236,0.0006661,0.0007224,0.0008763,0.001178,0.001504,0.001321,0.001253,0.001274,0.001706,0.001555,0.001507,0.001864,0.002892,0.003088,0.003049,0.002768,0.002424,0.0003582,0.0003652,0.0003401,0.000473,0.0007114,0.0004285,0.0004328,0.0004768,0.0005009,0.000704,0.0004959,0.0004482,0.0004188,0.001491,0.0003074,0.0004194,0.0006116,0.000437,0.0006171,0.0005067,0.0003407,0.0002447,0.0003758,0.0004085,0.0004078,0.0003955,0.0003993,0.0003483,0.0003044,0.0009608,0.0003584,0.0003972,0.0003287,0.0004204,0.0003728,0.0003099,0.000374,0.0006284,0.0004649,0.0002836,0.0006284,0.001247,0.0003772,0.0003473,0.0003474,0.0003559,0.0004186,0.000376,0.0004406
0.3,0.0001159,0.0003566,0.0005629,0.0005231,0.0005057,0.0005848,0.0008376,0.0008001,0.0007413,0.0008041,0.0009658,0.001278,0.001632,0.001452,0.001388,0.0014,0.00186,0.001705,0.001665,0.002036,0.003123,0.003328,0.003294,0.002985,0.00263,0.0003991,0.0004066,0.0003798,0.0005241,0.0007806,0.0004761,0.0004812,0.000529,0.0005534,0.0007741,0.0005473,0.000497,0.0004641,0.001639,0.0003436,0.0004647,0.0006742,0.0004852,0.0006769,0.0005615,0.0003807,0.0002749,0.000419,0.0004532,0.0004525,0.0004395,0.0004435,0.0003889,0.0003408,0.001062,0.0003999,0.0004421,0.0003662,0.0004671,0.000416,0.0003459,0.0004187,0.0006883,0.0005176,0.0003169,0.000691,0.001371,0.0004204,0.0003873,0.0003865,0.0003972,0.0004631,0.0004174,0.0004895
0.35,0.0001463,0.0004358,0.0006824,0.000633,0.0006135,0.0007008,0.0009792,0.0009605,0.0009001,0.0009789,0.001157,0.001488,0.001897,0.001723,0.001675,0.001668,0.002179,0.002026,0.001999,0.0024,0.003606,0.00383,0.0038,0.00344,0.00307,0.0004869,0.000495,0.0004656,0.000634,0.0009265,0.0005782,0.0005852,0.0006413,0.0006656,0.0009231,0.0006574,0.0006023,0.0005604,0.001957,0.0004216,0.0005609,0.000808,0.0005891,0.0008043,0.0006797,0.0004676,0.0003405,0.0005126,0.0005488,0.0005477,0.0005339,0.0005379,0.0004765,0.0004197,0.001277,0.0004897,0.0005389,0.0004469,0.0005679,0.0005096,0.0004241,0.0005147,0.0008148,0.0006305,0.000389,0.0008245,0.001637,0.0005136,0.0004735,0.000471,0.0004864,0.0005577,0.0005062,0.0005948
0.4,0.0001805,0.000523,0.0008099,0.0007522,0.0007309,0.0008265,0.001132,0.001131,0.00107,0.001168,0.001363,0.001714,0.002171,0.002006,0.001981,0.001958,0.002514,0.00237,0.002356,0.002792,0.00412,0.004358,0.004331,0.003925,0.003549,0.0005823,0.0005911,0.0005597,0.0007538,0.001082,0.0006895,0.0006987,0.0007634,0.0007871,0.001083,0.0007771,0.0007178,0.0006642,0.0023,0.0005069,0.0006645,0.0009532,0.0007025,0.0009418,0.0008091,0.0005635,0.0004127,0.0006158,0.0006521,0.0006506,0.0006365,0.0006403,0.0005728,0.0005067,0.001507,0.000588,0.0006449,0.0005353,0.0006783,0.0006128,0.0005109,0.0006185,0.0009504,0.0007531,0.0004686,0.0009696,0.001924,0.0006155,0.0005678,0.0005638,0.0005837,0.0006599,0.0006039,0.0007095
0.45,0.0002184,0.0006181,0.0009453,0.00088,0.0008578,0.0009615,0.001297,0.001312,0.001249,0.001371,0.001584,0.001953,0.002456,0.002302,0.002306,0.002267,0.002864,0.002737,0.002734,0.003209,0.004666,0.004914,0.004888,0.004439,0.004068,0.0006849,0.0006947,0.0006617,0.000883,0.001248,0.0008097,0.0008212,0.000895,0.0009177,0.001254,0.000906,0.0008435,0.0007754,0.002667,0.0005993,0.0007755,0.001109,0.000825,0.001089,0.0009491,0.0006681,0.0004913,0.0007281,0.0007632,0.0007612,0.0007471,0.0007505,0.0006773,0.0006016,0.001752,0.0006947,0.0007598,0.0006315,0.000798,0.000725,0.0006061,0.0007294,0.001095,0.0008851,0.0005553,0.001126,0.002232,0.000726,0.0006701,0.0006648,0.000689,0.0007697,0.0007104,0.000833
0.5,0.0002598,0.000721,0.001089,0.001017,0.0009937,0.001106,0.001473,0.001503,0.001439,0.001586,0.001818,0.002208,0.002752,0.002611,0.002646,0.002596,0.00323,0.003125,0.003131,0.003651,0.00524,0.005494,0.00547,0.004983,0.004625,0.0007943,0.0008058,0.0007714,0.001021,0.001424,0.0009387,0.0009526,0.001036,0.001057,0.001436,0.001044,0.0009785,0.0008941,0.003056,0.0006988,0.0008939,0.001275,0.0009564,0.001246,0.001099,0.0007811,0.0005763,0.0008492,0.0008819,0.0008795,0.0008656,0.0008685,0.0007897,0.0007039,0.002011,0.0008093,0.0008832,0.0007353,0.0009265,0.0008458,0.0007092,0.0008478,0.001249,0.001027,0.0006489,0.001294,0.002559,0.0008446,0.0007801,0.0007736,0.000802,0.0008869,0.0008253,0.0009655
0.55,0.0003046,0.0008315,0.001241,0.001162,0.001138,0.001259,0.001657,0.001704,0.001638,0.001813,0.002065,0.002476,0.003059,0.002932,0.003001,0.002942,0.003611,0.003533,0.003547,0.004116,0.00584,0.006099,0.006076,0.005555,0.005219,0.0009106,0.0009245,0.0008885,0.001169,0.001609,0.001076,0.001092,0.001186,0.001206,0.001628,0.001191,0.001122,0.00102,0.003465,0.0008052,0.00102,0.001452,0.001096,0.001412,0.001258,0.0009017,0.0006673,0.0009784,0.001008,0.001005,0.0009917,0.0009941,0.0009097,0.0008134,0.002283,0.0009317,0.001015,0.0008463,0.001063,0.0009745,0.0008196,0.0009738,0.001412,0.001177,0.0007492,0.001472,0.002904,0.0009712,0.0008976,0.00089,0.0009225,0.001012,0.0009479,0.001107
0.6,0.0003526,0.0009493,0.001403,0.001316,0.001292,0.00142,0.001851,0.001915,0.001846,0.002052,0.002324,0.002758,0.003378,0.003266,0.003369,0.003304,0.004007,0.003959,0.003981,0.004602,0.006463,0.006727,0.006705,0.006155,0.005848,0.001034,0.001051,0.001013,0.001324,0.001805,0.001222,0.001241,0.001344,0.001362,0.00183,0.001346,0.001274,0.001154,0.003894,0.0009184,0.001153,0.001637,0.001244,0.001588,0.001425,0.00103,0.0007642,0.001115,0.001142,0.001139,0.001125,0.001127,0.001037,0.0009298,0.002569,0.001062,0.001154,0.0009642,0.001209,0.001111,0.000937,0.001108,0.001584,0.001338,0.0008559,0.001659,0.003266,0.001106,0.001022,0.001014,0.001051,0.001144,0.001078,0.001257
0.65,0.0004037,0.001074,0.001572,0.001478,0.001453,0.00159,0.002053,0.002136,0.002063,0.002301,0.002594,0.003052,0.003709,0.003613,0.003751,0.003682,0.004417,0.004404,0.004433,0.005109,0.007107,0.007378,0.007356,0.006782,0.00651,0.001166,0.001184,0.001144,0.001489,0.00201,0.001375,0.001397,0.001511,0.001528,0.002042,0.001509,0.001435,0.001295,0.004341,0.001038,0.001294,0.001832,0.001401,0.001772,0.001602,0.001165,0.0008671,0.00126,0.001284,0.00128,0.001267,0.001268,0.001172,0.001053,0.002867,0.001199,0.001301,0.001089,0.001362,0.001255,0.001061,0.001249,0.001765,0.001507,0.0009691,0.001856,0.003645,0.001248,0.001154,0.001144,0.001186,0.001283,0.001215,0.001415
0.7,0.000458,0.001207,0.00175,0.001649,0.001623,0.001769,0.002264,0.002366,0.002289,0.002561,0.002876,0.003359,0.004053,0.003975,0.004145,0.004075,0.004843,0.004866,0.004903,0.005635,0.007773,0.008049,0.008028,0.007435,0.007203,0.001304,0.001325,0.001283,0.001661,0.002224,0.001537,0.001561,0.001687,0.001701,0.002265,0.001681,0.001603,0.001444,0.004805,0.001165,0.001442,0.002037,0.001565,0.001965,0.001787,0.001308,0.0009757,0.001412,0.001432,0.001428,0.001415,0.001416,0.001314,0.001183,0.003178,0.001344,0.001456,0.001221,0.001522,0.001407,0.001192,0.001397,0.001955,0.001685,0.001088,0.002063,0.00404,0.001397,0.001293,0.001282,0.001329,0.00143,0.00136,0.001582
0.75,0.0005154,0.001346,0.001937,0.001827,0.001802,0.001956,0.002483,0.002606,0.002523,0.002832,0.003168,0.003678,0.004409,0.00435,0.004551,0.004483,0.005283,0.005345,0.005389,0.00618,0.008459,0.008741,0.008721,0.008113,0.007925,0.001451,0.001473,0.001428,0.001842,0.002448,0.001706,0.001733,0.001871,0.001883,0.002497,0.001862,0.00178,0.001599,0.005286,0.001298,0.001598,0.00225,0.001737,0.002166,0.00198,0.001457,0.00109,0.001572,0.001588,0.001583,0.001571,0.001571,0.001463,0.001319,0.003501,0.001495,0.001619,0.001359,0.001691,0.001565,0.001329,0.001553,0.002153,0.001872,0.001214,0.002278,0.00445,0.001554,0.001439,0.001427,0.001478,0.001584,0.001511,0.001757
0.8,0.0005759,0.001492,0.002131,0.002014,0.001988,0.002152,0.002711,0.002856,0.002767,0.003112,0.003471,0.004008,0.004778,0.004738,0.004969,0.004905,0.005737,0.005841,0.005892,0.006744,0.009165,0.009452,0.009433,0.008814,0.008673,0.001605,0.001627,0.00158,0.002032,0.002681,0.001883,0.001913,0.002063,0.002073,0.002739,0.00205,0.001964,0.001762,0.005783,0.001437,0.00176,0.002473,0.001917,0.002377,0.002182,0.001613,0.00121,0.001738,0.001751,0.001745,0.001734,0.001733,0.001618,0.001462,0.003837,0.001654,0.001788,0.001503,0.001867,0.001731,0.001473,0.001716,0.00236,0.002068,0.001346,0.002502,0.004875,0.001718,0.001592,0.001578,0.001635,0.001745,0.00167,0.00194
0.85,0.0006393,0.001645,0.002334,0.002208,0.002182,0.002355,0.002948,0.003114,0.00302,0.003403,0.003784,0.00435,0.005159,0.005141,0.005399,0.005341,0.006207,0.006353,0.006411,0.007325,0.009889,0.01018,0.01016,0.009538,0.009447,0.001767,0.001789,0.001739,0.002229,0.002923,0.002068,0.002101,0.002263,0.00227,0.00299,0.002246,0.002156,0.001932,0.006297,0.001582,0.00193,0.002704,0.002105,0.002596,0.002392,0.001776,0.001335,0.001912,0.001922,0.001915,0.001903,0.001902,0.001781,0.001611,0.004184,0.001819,0.001965,0.001654,0.002051,0.001905,0.001623,0.001886,0.002575,0.002272,0.001483,0.002736,0.005314,0.001888,0.001752,0.001737,0.001798,0.001913,0.001835,0.002131
0.9,0.0007058,0.001805,0.002545,0.00241,0.002384,0.002566,0.003193,0.003382,0.003283,0.003704,0.004107,0.004704,0.005552,0.005556,0.005841,0.005792,0.00669,0.00688,0.006946,0.007923,0.01063,0.01093,0.01091,0.01028,0.01024,0.001936,0.001957,0.001904,0.002434,0.003174,0.00226,0.002296,0.002471,0.002476,0.003251,0.00245,0.002355,0.002109,0.006826,0.001734,0.002106,0.002944,0.0023,0.002823,0.002611,0.001946,0.001466,0.002093,0.002099,0.002091,0.00208,0.002078,0.00195,0.001766,0.004544,0.001992,0.00215,0.001811,0.002242,0.002085,0.00178,0.002063,0.002799,0.002484,0.001626,0.002978,0.005767,0.002066,0.001918,0.001902,0.001968,0.002088,0.002007,0.002329
0.95,0.0007753,0.001972,0.002763,0.00262,0.002594,0.002786,0.003447,0.003659,0.003555,0.004015,0.00444,0.005068,0.005957,0.005985,0.006294,0.006257,0.007189,0.007423,0.007496,0.008538,0.01139,0.0117,0.01168,0.01105,0.01106,0.002112,0.002132,0.002076,0.002646,0.003434,0.002459,0.002499,0.002687,0.002689,0.003522,0.002662,0.002563,0.002293,0.007373,0.001892,0.002289,0.003192,0.002502,0.003059,0.002837,0.002123,0.001602,0.002281,0.002283,0.002275,0.002264,0.002261,0.002126,0.001928,0.004916,0.002171,0.002341,0.001975,0.00244,0.002272,0.001943,0.002247,0.003031,0.002704,0.001776,0.003229,0.006236,0.002251,0.002091,0.002073,0.002145,0.00227,0.002186,0.002536
1,0.0008476,0.002145,0.00299,0.002837,0.002811,0.003013,0.003709,0.003945,0.003835,0.004336,0.004783,0.005444,0.006373,0.006428,0.006759,0.006737,0.007702,0.007981,0.008061,0.009168,0.01217,0.01248,0.01247,0.01183,0.0119,0.002295,0.002313,0.002254,0.002867,0.003702,0.002666,0.002709,0.002911,0.00291,0.003803,0.002882,0.002777,0.002483,0.007937,0.002056,0.00248,0.003449,0.002712,0.003303,0.003072,0.002306,0.001744,0.002476,0.002473,0.002465,0.002454,0.00245,0.002309,0.002096,0.0053,0.002357,0.002539,0.002145,0.002646,0.002466,0.002112,0.002438,0.003272,0.002933,0.001931,0.003488,0.006718,0.002443,0.00227,0.002251,0.002329,0.002458,0.002372,0.00275
1.25,0.001253,0.003108,0.004238,0.004033,0.004009,0.004265,0.005141,0.005509,0.005369,0.00609,0.006645,0.007481,0.008622,0.00883,0.009256,0.009346,0.01048,0.01098,0.0111,0.01255,0.01631,0.01666,0.01665,0.01602,0.01638,0.003308,0.003317,0.00324,0.004082,0.005171,0.003807,0.003867,0.004144,0.004126,0.005339,0.004091,0.00396,0.003535,0.01102,0.002964,0.003529,0.004857,0.003868,0.004646,0.004361,0.003318,0.00253,0.003551,0.003527,0.003515,0.003506,0.003498,0.003319,0.003024,0.007406,0.003384,0.003634,0.003084,0.003779,0.003537,0.003047,0.00349,0.004594,0.004192,0.002791,0.004908,0.009352,0.003502,0.003263,0.003236,0.003343,0.003499,0.003399,0.00393
1.5,0.001728,0.004229,0.005674,0.005407,0.005387,0.005701,0.006771,0.007287,0.007112,0.008087,0.008747,0.009771,0.01114,0.01153,0.01204,0.01229,0.01361,0.01432,0.01448,0.01629,0.02084,0.02124,0.02122,0.02061,0.02126,0.004476,0.004477,0.004379,0.005479,0.006844,0.00512,0.0052,0.00556,0.005524,0.007093,0.005482,0.005319,0.004748,0.01452,0.004016,0.00474,0.006464,0.005197,0.006187,0.005838,0.004485,0.003443,0.00479,0.004742,0.004725,0.004719,0.004706,0.004484,0.004098,0.009813,0.004568,0.004894,0.00417,0.005083,0.00477,0.004129,0.004703,0.006109,0.005637,0.003788,0.006528,0.01234,0.004722,0.00441,0.004374,0.004513,0.004698,0.004583,0.005288
1.75,0.002272,0.005502,0.007292,0.006952,0.006938,0.007316,0.008594,0.009272,0.009057,0.01031,0.01109,0.01231,0.01391,0.01452,0.0151,0.01556,0.01706,0.01797,0.01818,0.02036,0.02575,0.02619,0.02618,0.02558,0.02655,0.005795,0.005787,0.005664,0.007051,0.008714,0.006599,0.006699,0.007151,0.007096,0.009054,0.007047,0.006847,0.006115,0.01842,0.005206,0.006104,0.008262,0.006693,0.00792,0.007498,0.005802,0.004479,0.006186,0.006111,0.00609,0.006087,0.006069,0.005799,0.005311,0.01251,0.005904,0.006313,0.005397,0.006551,0.00616,0.005351,0.00607,0.007812,0.007262,0.004918,0.00834,0.01567,0.006097,0.005706,0.00566,0.005834,0.006052,0.00592,0.006816
2,0.002883,0.006925,0.009088,0.008662,0.008657,0.009104,0.0106,0.01146,0.0112,0.01276,0.01366,0.01508,0.01692,0.01776,0.01845,0.01912,0.02081,0.02193,0.02218,0.02477,0.031,0.0315,0.03148,0.03091,0.03221,0.007259,0.007244,0.007093,0.008792,0.01077,0.008238,0.008361,0.008912,0.008837,0.01122,0.008782,0.00854,0.007634,0.02267,0.006531,0.00762,0.01025,0.008351,0.009838,0.009335,0.007265,0.005634,0.007734,0.007632,0.007605,0.007606,0.007581,0.007261,0.006661,0.01549,0.007388,0.007888,0.006761,0.008178,0.007702,0.00671,0.007587,0.009696,0.009061,0.006176,0.01034,0.01933,0.007624,0.007147,0.00709,0.007302,0.007555,0.007406,0.008509
2.25,0.003559,0.008494,0.01106,0.01053,0.01054,0.01106,0.01279,0.01384,0.01353,0.01543,0.01645,0.01808,0.02016,0.02125,0.02206,0.02295,0.02485,0.02618,0.02649,0.02949,0.0366,0.03715,0.03713,0.03659,0.03824,0.008866,0.008843,0.008661,0.0107,0.01302,0.01003,0.01018,0.01084,0.01074,0.01357,0.01068,0.01039,0.009298,0.02723,0.007988,0.009281,0.01241,0.01017,0.01194,0.01134,0.008869,0.006907,0.009432,0.009299,0.009267,0.009271,0.00924,0.008865,0.008144,0.01874,0.009015,0.009614,0.00826,0.00996,0.009392,0.008203,0.00925,0.01176,0.01103,0.00756,0.01252,0.02329,0.009298,0.00873,0.00866,0.008912,0.009203,0.009035,0.01036
2.5,0.004299,0.01021,0.0132,0.01256,0.01258,0.01318,0.01516,0.01641,0.01605,0.0183,0.01946,0.0213,0.02364,0.02498,0.02592,0.02705,0.02917,0.03071,0.03109,0.03451,0.04252,0.04313,0.04311,0.04261,0.04461,0.01061,0.01058,0.01037,0.01276,0.01545,0.01198,0.01215,0.01293,0.01281,0.01612,0.01274,0.0124,0.01111,0.03209,0.009574,0.01109,0.01475,0.01214,0.01421,0.01352,0.01061,0.008293,0.01128,0.01111,0.01107,0.01108,0.01104,0.01061,0.009757,0.02224,0.01078,0.01149,0.00989,0.01189,0.01123,0.009828,0.01106,0.01399,0.01316,0.009067,0.01487,0.02755,0.01112,0.01045,0.01037,0.01066,0.01099,0.01081,0.01238
2.75,0.005102,0.01206,0.01551,0.01475,0.01478,0.01546,0.0177,0.01916,0.01874,0.02137,0.02269,0.02474,0.02735,0.02895,0.03002,0.03141,0.03374,0.03553,0.03598,0.03982,0.04875,0.04944,0.04941,0.04896,0.05133,0.0125,0.01246,0.0122,0.01499,0.01805,0.01408,0.01428,0.01517,0.01503,0.01885,0.01496,0.01457,0.01305,0.03724,0.01129,0.01303,0.01726,0.01426,0.01666,0.01586,0.01249,0.009792,0.01326,0.01306,0.01302,0.01303,0.01298,0.01249,0.0115,0.02599,0.01269,0.01351,0.01165,0.01398,0.0132,0.01158,0.013,0.01639,0.01546,0.0107,0.0174,0.03208,0.01308,0.01231,0.01221,0.01255,0.01292,0.01271,0.01454
3,0.005968,0.01405,0.01798,0.01709,0.01713,0.0179,0.02042,0.0221,0.02162,0.02465,0.02612,0.0284,0.03127,0.03315,0.03437,0.03601,0.03858,0.04061,0.04114,0.04541,0.0553,0.05605,0.05603,0.05562,0.05838,0.01451,0.01447,0.01417,0.01737,0.02083,0.01633,0.01655,0.01757,0.01742,0.02176,0.01733,0.01688,0.01514,0.04267,0.01312,0.01511,0.01994,0.01653,0.01928,0.01837,0.01451,0.0114,0.01539,0.01515,0.0151,0.01511,0.01506,0.0145,0.01337,0.02997,0.01473,0.01567,0.01353,0.01621,0.01532,0.01346,0.01509,0.01896,0.01791,0.01244,0.0201,0.03688,0.01518,0.01429,0.01418,0.01457,0.01499,0.01476,0.01686
3.5,0.007884,0.01844,0.02342,0.02221,0.02228,0.02324,0.02634,0.02852,0.0279,0.03179,0.03358,0.03632,0.03976,0.04224,0.04375,0.04593,0.04899,0.05155,0.05226,0.05744,0.06928,0.0702,0.07016,0.06988,0.07345,0.01894,0.01888,0.0185,0.02258,0.0269,0.02125,0.02153,0.02283,0.02263,0.02811,0.02253,0.02195,0.01972,0.05433,0.01716,0.01968,0.0258,0.0215,0.02503,0.02385,0.01893,0.01495,0.02006,0.01974,0.01967,0.01969,0.01963,0.01893,0.01747,0.03859,0.01922,0.02041,0.01768,0.0211,0.01997,0.01759,0.01967,0.02458,0.02328,0.01629,0.02599,0.04724,0.01978,0.01867,0.01852,0.01902,0.01952,0.01925,0.02194
4,0.01004,0.02336,0.02949,0.02793,0.02802,0.02919,0.03291,0.03563,0.03485,0.03969,0.04182,0.04505,0.04909,0.05221,0.05406,0.05678,0.06036,0.06349,0.06441,0.07054,0.08443,0.08551,0.08547,0.08532,0.08977,0.02389,0.02382,0.02334,0.02839,0.03364,0.02674,0.02708,0.02868,0.02844,0.03515,0.02832,0.0276,0.02482,0.06703,0.02168,0.02478,0.03231,0.02705,0.03142,0.02996,0.02387,0.01892,0.02526,0.02485,0.02477,0.0248,0.02472,0.02387,0.02206,0.04806,0.02423,0.0257,0.02231,0.02655,0.02515,0.02221,0.02478,0.03083,0.02926,0.02059,0.03254,0.05857,0.02493,0.02355,0.02337,0.02398,0.02458,0.02425,0.02761
4.5,0.01243,0.02881,0.03618,0.03422,0.03434,0.03572,0.04012,0.04343,0.04247,0.04833,0.05083,0.05456,0.05922,0.06303,0.06524,0.06852,0.07266,0.0764,0.07756,0.08467,0.1007,0.102,0.1019,0.1019,0.1073,0.02935,0.02927,0.02867,0.03478,0.04102,0.03278,0.03319,0.03511,0.03484,0.04286,0.03468,0.03382,0.03045,0.08073,0.02667,0.03039,0.03944,0.03316,0.03845,0.03667,0.02932,0.02331,0.031,0.03048,0.03039,0.03043,0.03032,0.02931,0.02712,0.05836,0.02975,0.03153,0.02743,0.03255,0.03086,0.02731,0.03041,0.0377,0.03583,0.02535,0.03971,0.07084,0.0306,0.02893,0.02872,0.02945,0.03015,0.02977,0.03384
5,0.01506,0.03476,0.04349,0.04107,0.04121,0.04283,0.04795,0.05188,0.05073,0.0577,0.06058,0.06482,0.07015,0.07469,0.07729,0.08114,0.08585,0.09025,0.09168,0.09981,0.118,0.1195,0.1195,0.1196,0.126,0.0353,0.03521,0.03448,0.04173,0.04903,0.03936,0.03984,0.0421,0.0418,0.05122,0.04162,0.04059,0.03657,0.09542,0.03212,0.03651,0.04719,0.03981,0.04611,0.04398,0.03526,0.02811,0.03725,0.03662,0.03651,0.03657,0.03644,0.03526,0.03265,0.06946,0.03578,0.03788,0.03301,0.03909,0.03708,0.03287,0.03655,0.04518,0.04298,0.03054,0.0475,0.08402,0.03678,0.03481,0.03456,0.03542,0.03623,0.03579,0.04064
5.5,0.01791,0.04123,0.05139,0.04847,0.04865,0.05051,0.05638,0.06098,0.05962,0.06778,0.07105,0.07583,0.08185,0.08716,0.09018,0.09462,0.09992,0.105,0.1067,0.1159,0.1364,0.1381,0.1381,0.1384,0.1458,0.04173,0.04164,0.04078,0.04925,0.05766,0.04647,0.04702,0.04965,0.04932,0.06023,0.04912,0.0479,0.0432,0.1111,0.03802,0.04312,0.05555,0.047,0.05437,0.05187,0.04168,0.03331,0.04401,0.04326,0.04313,0.0432,0.04304,0.04169,0.03864,0.08134,0.0423,0.04476,0.03905,0.04615,0.04381,0.03889,0.0432,0.05326,0.0507,0.03617,0.0559,0.0981,0.04347,0.04116,0.04087,0.04188,0.04279,0.04229,0.04799
6,0.02099,0.04818,0.05989,0.05642,0.05663,0.05874,0.06541,0.07072,0.06914,0.07856,0.08224,0.08757,0.09431,0.1004,0.1039,0.1089,0.1148,0.1207,0.1227,0.133,0.1559,0.1578,0.1577,0.1583,0.1668,0.04865,0.04856,0.04754,0.05731,0.06691,0.0541,0.05473,0.05775,0.0574,0.06987,0.05716,0.05575,0.05031,0.1276,0.04437,0.05022,0.0645,0.05472,0.06324,0.06034,0.04858,0.03891,0.05127,0.05039,0.05024,0.05032,0.05014,0.0486,0.04507,0.09398,0.04931,0.05214,0.04554,0.05374,0.05104,0.04537,0.05033,0.06192,0.05898,0.04223,0.06489,0.113,0.05066,0.048,0.04766,0.04883,0.04984,0.04928,0.05588
6.5,0.02429,0.05563,0.06898,0.0649,0.06515,0.06753,0.07503,0.08109,0.07926,0.09002,0.09413,0.1,0.1075,0.1145,0.1184,0.1241,0.1306,0.1372,0.1396,0.151,0.1763,0.1785,0.1784,0.1792,0.1888,0.05605,0.05595,0.05477,0.06592,0.07675,0.06225,0.06295,0.06638,0.06602,0.08013,0.06574,0.06412,0.05791,0.1451,0.05116,0.0578,0.07403,0.06296,0.07271,0.06937,0.05596,0.0449,0.05902,0.058,0.05783,0.05793,0.05772,0.05598,0.05195,0.1074,0.05679,0.06002,0.05249,0.06185,0.05876,0.05229,0.05796,0.07115,0.06781,0.0487,0.07447,0.1288,0.05834,0.0553,0.05492,0.05625,0.05737,0.05674,0.0643
7,0.02782,0.06357,0.07864,0.07392,0.0742,0.07685,0.08523,0.09207,0.08999,0.1022,0.1067,0.1132,0.1214,0.1293,0.1337,0.14,0.1472,0.1546,0.1574,0.1699,0.1977,0.2001,0.2,0.2011,0.2119,0.06391,0.06381,0.06245,0.07506,0.08718,0.07091,0.07169,0.07555,0.07517,0.091,0.07486,0.07302,0.06598,0.1635,0.05838,0.06586,0.08414,0.07172,0.08276,0.07896,0.0638,0.05128,0.06726,0.06609,0.06589,0.06601,0.06578,0.06383,0.05927,0.1215,0.06475,0.06839,0.05987,0.07046,0.06696,0.05966,0.06607,0.08096,0.07719,0.0556,0.08462,0.1455,0.0665,0.06306,0.06263,0.06414,0.06537,0.06467,0.07325
7.5,0.03156,0.07198,0.08887,0.08346,0.08377,0.08672,0.09599,0.1037,0.1013,0.115,0.12,0.127,0.1361,0.1449,0.1498,0.1568,0.1646,0.1728,0.176,0.1898,0.2201,0.2228,0.2227,0.2239,0.236,0.07223,0.07214,0.07059,0.08474,0.0982,0.08006,0.08093,0.08524,0.08485,0.1025,0.0845,0.08243,0.07452,0.1827,0.06603,0.07439,0.09482,0.08099,0.09338,0.0891,0.0721,0.05805,0.07598,0.07466,0.07443,0.07457,0.0743,0.07214,0.06703,0.1364,0.07318,0.07726,0.0677,0.07957,0.07564,0.06746,0.07465,0.09132,0.0871,0.0629,0.09535,0.1629,0.07514,0.07128,0.07081,0.07249,0.07384,0.07306,0.08272
8,0.03551,0.08087,0.09966,0.09352,0.09386,0.09711,0.1073,0.1158,0.1132,0.1284,0.1339,0.1416,0.1515,0.1612,0.1666,0.1743,0.1828,0.1919,0.1955,0.2105,0.2435,0.2465,0.2463,0.2478,0.2612,0.08101,0.08092,0.07918,0.09493,0.1098,0.08972,0.09067,0.09545,0.09505,0.1145,0.09467,0.09235,0.08353,0.2028,0.07411,0.08338,0.1061,0.09076,0.1046,0.09979,0.08086,0.06519,0.08518,0.08368,0.08343,0.08359,0.08329,0.08091,0.07521,0.152,0.08207,0.08661,0.07595,0.08917,0.0848,0.07569,0.0837,0.1022,0.09754,0.07062,0.1066,0.1812,0.08426,0.07996,0.07943,0.08131,0.08277,0.08192,0.09271
8.5,0.03969,0.09022,0.111,0.1041,0.1045,0.108,0.1192,0.1286,0.1257,0.1425,0.1485,0.1568,0.1675,0.1783,0.1842,0.1926,0.2018,0.2118,0.2158,0.2321,0.2678,0.271,0.2709,0.2727,0.2873,0.09024,0.09016,0.0882,0.1056,0.122,0.09986,0.1009,0.1062,0.1058,0.1272,0.1053,0.1028,0.09299,0.2238,0.08261,0.09283,0.1179,0.101,0.1163,0.111,0.09006,0.07271,0.09484,0.09317,0.0929,0.09307,0.09274,0.09014,0.08381,0.1683,0.09142,0.09644,0.08464,0.09927,0.09442,0.08435,0.09322,0.1137,0.1085,0.07873,0.1185,0.2002,0.09384,0.08908,0.0885,0.09058,0.09215,0.09122,0.1032
9,0.04407,0.1,0.1229,0.1152,0.1156,0.1195,0.1317,0.142,0.1387,0.1573,0.1637,0.1726,0.1843,0.196,0.2026,0.2116,0.2216,0.2326,0.237,0.2546,0.293,0.2966,0.2964,0.2985,0.3145,0.09992,0.09985,0.09767,0.1169,0.1347,0.1105,0.1116,0.1174,0.117,0.1404,0.1165,0.1137,0.1029,0.2456,0.09153,0.1027,0.1302,0.1118,0.1287,0.1228,0.09971,0.08059,0.105,0.1031,0.1028,0.103,0.1026,0.0998,0.09284,0.1853,0.1012,0.1067,0.09374,0.1098,0.1045,0.09343,0.1032,0.1257,0.12,0.08725,0.1309,0.2201,0.1039,0.09864,0.09801,0.1003,0.102,0.101,0.1142
9.5,0.04866,0.1103,0.1354,0.1267,0.1272,0.1314,0.1446,0.1559,0.1524,0.1727,0.1796,0.1892,0.2017,0.2145,0.2217,0.2314,0.2422,0.2541,0.259,0.2779,0.3192,0.323,0.3228,0.3252,0.3426,0.11,0.11,0.1076,0.1286,0.148,0.1216,0.1228,0.1291,0.1287,0.1542,0.1282,0.1251,0.1133,0.2683,0.1009,0.1131,0.1431,0.123,0.1416,0.1351,0.1098,0.08885,0.1156,0.1135,0.1132,0.1134,0.113,0.1099,0.1023,0.203,0.1115,0.1175,0.1033,0.1209,0.1151,0.1029,0.1136,0.1383,0.132,0.09616,0.1438,0.2408,0.1144,0.1086,0.108,0.1105,0.1123,0.1112,0.1257
10,0.05346,0.1211,0.1484,0.1388,0.1393,0.1439,0.1582,0.1705,0.1665,0.1887,0.1961,0.2064,0.2199,0.2338,0.2415,0.2519,0.2635,0.2764,0.2818,0.302,0.3462,0.3504,0.3501,0.3528,0.3718,0.1206,0.1206,0.1179,0.1408,0.1618,0.1332,0.1345,0.1414,0.141,0.1686,0.1404,0.137,0.1241,0.2917,0.1106,0.1239,0.1565,0.1348,0.155,0.1479,0.1203,0.09747,0.1266,0.1244,0.124,0.1242,0.1238,0.1205,0.1121,0.2214,0.1222,0.1288,0.1132,0.1324,0.1261,0.1129,0.1245,0.1514,0.1445,0.1055,0.1573,0.2622,0.1254,0.1191,0.1183,0.1211,0.123,0.1218,0.1377
12.5,0.08054,0.1815,0.2213,0.2065,0.2072,0.2136,0.2338,0.2515,0.2456,0.278,0.2881,0.3019,0.3204,0.3403,0.3514,0.3655,0.3812,0.3996,0.4077,0.4351,0.4947,0.5006,0.5002,0.5046,0.5314,0.1799,0.18,0.1759,0.2094,0.2391,0.1981,0.1999,0.2098,0.2096,0.2489,0.2088,0.2037,0.1848,0.4211,0.1653,0.1845,0.2316,0.2006,0.2302,0.2197,0.1794,0.146,0.1886,0.1852,0.1847,0.1851,0.1844,0.1797,0.1675,0.3233,0.1822,0.1918,0.1691,0.1971,0.1878,0.1685,0.1856,0.2246,0.2145,0.1577,0.2326,0.3805,0.1869,0.1777,0.1766,0.1806,0.1832,0.1815,0.205
15,0.1126,0.2528,0.3073,0.2862,0.287,0.2955,0.3223,0.3462,0.338,0.3823,0.3953,0.4128,0.437,0.4636,0.4786,0.4966,0.5168,0.5415,0.5527,0.588,0.6643,0.6722,0.6716,0.678,0.7136,0.2497,0.2499,0.2442,0.2899,0.3296,0.2744,0.2768,0.2901,0.2902,0.3427,0.2891,0.2821,0.2561,0.5698,0.2298,0.2557,0.3194,0.2779,0.3185,0.304,0.249,0.2032,0.2615,0.2567,0.256,0.2566,0.2557,0.2494,0.2327,0.4415,0.2529,0.2659,0.2349,0.2732,0.2604,0.2342,0.2575,0.3106,0.2965,0.2194,0.3208,0.5171,0.2593,0.2467,0.2453,0.2508,0.2539,0.2517,0.2841
17.5,0.1496,0.3347,0.4058,0.3773,0.3784,0.3892,0.4233,0.4541,0.4432,0.5009,0.517,0.5386,0.569,0.6032,0.6224,0.6445,0.6696,0.7013,0.7161,0.76,0.8544,0.8644,0.8636,0.8722,0.9175,0.3297,0.3302,0.3224,0.382,0.4328,0.3617,0.3647,0.3818,0.3825,0.4496,0.381,0.3717,0.3378,0.7372,0.3038,0.3372,0.4197,0.3665,0.4196,0.4005,0.3286,0.2689,0.3449,0.3387,0.3377,0.3385,0.3372,0.3293,0.3076,0.5752,0.3339,0.3509,0.3103,0.3603,0.3435,0.3094,0.3399,0.4089,0.3903,0.2902,0.4213,0.6711,0.3423,0.3258,0.3239,0.3312,0.335,0.3321,0.3746
20,0.1913,0.4269,0.5165,0.4796,0.4809,0.4943,0.5364,0.5748,0.5608,0.6335,0.6529,0.6788,0.716,0.7585,0.7823,0.8087,0.8391,0.8785,0.8972,0.9503,1.064,1.076,1.075,1.086,1.142,0.4196,0.4204,0.4104,0.4855,0.5483,0.4597,0.4633,0.4847,0.486,0.5692,0.4842,0.4723,0.4295,0.9224,0.3871,0.4288,0.532,0.4659,0.5329,0.5087,0.4182,0.3429,0.4387,0.4307,0.4295,0.4304,0.4289,0.4192,0.3917,0.7241,0.425,0.4463,0.3951,0.4581,0.4369,0.3941,0.4324,0.5192,0.4954,0.3698,0.5339,0.842,0.4355,0.4147,0.4124,0.4215,0.426,0.4225,0.4764
25,0.2884,0.6413,0.7736,0.7169,0.7186,0.7376,0.7977,0.8533,0.8322,0.939,0.9656,1.001,1.053,1.114,1.149,1.184,1.226,1.283,1.311,1.384,1.54,1.557,1.556,1.572,1.651,0.6282,0.6298,0.6146,0.7252,0.8151,0.6868,0.6917,0.7228,0.7259,0.8452,0.7232,0.7055,0.6421,1.345,0.5805,0.6411,0.7916,0.6965,0.7955,0.7593,0.6259,0.5148,0.656,0.644,0.6423,0.6437,0.6414,0.6276,0.5871,1.065,0.6363,0.6676,0.5921,0.6848,0.6535,0.5906,0.6472,0.7746,0.7387,0.5549,0.7941,1.233,0.6518,0.6211,0.6178,0.6313,0.637,0.632,0.7122
27.5,0.3438,0.7632,0.9194,0.8513,0.8533,0.8754,0.9454,1.011,0.9854,1.111,1.142,1.182,1.243,1.314,1.355,1.395,1.443,1.509,1.542,1.626,1.805,1.826,1.823,1.843,1.935,0.7465,0.7486,0.7304,0.8609,0.9659,0.8154,0.8211,0.8575,0.8618,1.001,0.8586,0.8376,0.7627,1.581,0.6902,0.7614,0.9384,0.8271,0.9441,0.9013,0.7437,0.6125,0.7792,0.7649,0.7629,0.7646,0.7619,0.7458,0.6979,1.257,0.7562,0.793,0.7039,0.8133,0.7763,0.7021,0.7689,0.9191,0.8763,0.6599,0.9412,1.452,0.7745,0.7382,0.7343,0.7502,0.7566,0.7507,0.8459
30,0.4035,0.8945,1.076,0.9961,0.9982,1.024,1.104,1.18,1.15,1.296,1.331,1.377,1.446,1.528,1.575,1.62,1.675,1.751,1.79,1.886,2.088,2.111,2.109,2.132,2.237,0.8739,0.8766,0.8551,1.007,1.128,0.9538,0.9602,1.002,1.008,1.168,1.004,0.9797,0.8924,1.833,0.8085,0.891,1.096,0.9678,1.104,1.054,0.8705,0.7178,0.9119,0.895,0.8928,0.8948,0.8916,0.8732,0.8173,1.463,0.8852,0.9281,0.8243,0.9516,0.9085,0.8222,0.9001,1.075,1.024,0.7731,1.099,1.686,0.9066,0.8642,0.8597,0.8783,0.8853,0.8786,0.9898
35,0.5357,1.185,1.423,1.316,1.318,1.351,1.454,1.552,1.512,1.704,1.746,1.803,1.892,1.998,2.058,2.113,2.182,2.281,2.331,2.453,2.704,2.735,2.731,2.763,2.896,1.155,1.159,1.131,1.33,1.485,1.259,1.267,1.322,1.331,1.537,1.326,1.294,1.179,2.385,1.07,1.177,1.444,1.278,1.457,1.391,1.151,0.9506,1.205,1.182,1.179,1.182,1.178,1.154,1.081,1.913,1.17,1.226,1.09,1.257,1.2,1.088,1.19,1.418,1.351,1.023,1.448,2.198,1.198,1.143,1.137,1.161,1.17,1.161,1.308
40,0.6847,1.511,1.813,1.674,1.677,1.718,1.846,1.968,1.918,2.159,2.211,2.279,2.389,2.522,2.597,2.662,2.746,2.87,2.933,3.083,3.385,3.426,3.421,3.462,3.627,1.471,1.477,1.44,1.691,1.885,1.602,1.612,1.68,1.693,1.949,1.687,1.646,1.5,2.997,1.364,1.498,1.833,1.627,1.853,1.769,1.465,1.212,1.534,1.505,1.501,1.505,1.499,1.47,1.378,2.416,1.491,1.561,1.389,1.6,1.528,1.386,1.515,1.802,1.717,1.305,1.838,2.769,1.526,1.456,1.448,1.479,1.489,1.478,1.664
45,0.8499,1.873,2.244,2.071,2.074,2.123,2.279,2.427,2.365,2.661,2.722,2.803,2.936,3.097,3.189,3.265,3.365,3.515,3.593,3.775,4.129,4.182,4.174,4.227,4.426,1.821,1.828,1.782,2.091,2.326,1.981,1.993,2.076,2.093,2.404,2.086,2.035,1.856,3.669,1.689,1.853,2.263,2.012,2.29,2.187,1.813,1.502,1.897,1.862,1.857,1.861,1.855,1.82,1.706,2.968,1.845,1.931,1.72,1.979,1.89,1.716,1.874,2.227,2.121,1.616,2.268,3.395,1.888,1.802,1.793,1.831,1.841,1.828,2.058
50,1.031,2.269,2.715,2.504,2.508,2.566,2.751,2.928,2.852,3.208,3.279,3.374,3.53,3.723,3.832,3.92,4.038,4.216,4.31,4.526,4.933,5,4.99,5.057,5.292,2.203,2.213,2.156,2.528,2.808,2.395,2.408,2.508,2.531,2.9,2.522,2.46,2.244,4.397,2.045,2.241,2.732,2.433,2.768,2.643,2.193,1.819,2.294,2.251,2.246,2.251,2.243,2.202,2.065,3.569,2.232,2.336,2.081,2.393,2.286,2.077,2.268,2.692,2.562,1.957,2.738,4.074,2.284,2.18,2.169,2.215,2.227,2.211,2.489
55,1.227,2.697,3.226,2.973,2.977,3.045,3.261,3.469,3.379,3.799,3.88,3.989,4.171,4.397,4.525,4.625,4.761,4.97,5.081,5.335,5.796,5.879,5.867,5.949,6.223,2.617,2.629,2.562,3.001,3.328,2.843,2.858,2.976,3.004,3.436,2.994,2.92,2.665,5.181,2.43,2.661,3.24,2.889,3.285,3.137,2.605,2.163,2.724,2.674,2.667,2.673,2.664,2.615,2.453,4.217,2.651,2.774,2.473,2.841,2.715,2.467,2.693,3.194,3.039,2.326,3.246,4.806,2.713,2.59,2.577,2.632,2.644,2.626,2.956
60,1.439,3.159,3.775,3.477,3.482,3.56,3.809,4.05,3.944,4.433,4.524,4.648,4.858,5.119,5.267,5.38,5.535,5.777,5.906,6.2,6.715,6.816,6.802,6.901,7.216,3.062,3.077,2.997,3.509,3.887,3.324,3.342,3.478,3.512,4.011,3.5,3.414,3.116,6.018,2.844,3.112,3.784,3.378,3.841,3.667,3.047,2.533,3.186,3.127,3.119,3.127,3.116,3.06,2.871,4.91,3.102,3.245,2.894,3.322,3.176,2.888,3.151,3.734,3.552,2.723,3.791,5.589,3.174,3.03,3.016,3.079,3.093,3.072,3.457
65,1.665,3.651,4.36,4.015,4.02,4.109,4.393,4.669,4.546,5.108,5.211,5.349,5.588,5.887,6.057,6.182,6.357,6.634,6.782,7.119,7.69,7.812,7.794,7.913,8.271,3.537,3.554,3.462,4.052,4.482,3.838,3.858,4.013,4.055,4.624,4.041,3.941,3.599,6.907,3.287,3.593,4.365,3.901,4.434,4.233,3.52,2.928,3.68,3.611,3.602,3.611,3.598,3.535,3.317,5.648,3.583,3.747,3.344,3.837,3.668,3.336,3.639,4.309,4.099,3.147,4.373,6.421,3.666,3.501,3.484,3.557,3.572,3.548,3.992
70,1.905,4.175,4.983,4.586,4.592,4.692,5.013,5.325,5.185,5.824,5.938,6.092,6.362,6.7,6.893,7.031,7.227,7.54,7.709,8.092,8.719,8.863,8.842,8.982,9.385,4.041,4.062,3.956,4.628,5.114,4.383,4.405,4.582,4.631,5.274,4.616,4.501,4.111,7.848,3.757,4.105,4.981,4.456,5.063,4.834,4.022,3.347,4.204,4.125,4.115,4.125,4.111,4.039,3.791,6.429,4.094,4.281,3.821,4.382,4.19,3.813,4.158,4.92,4.679,3.597,4.989,7.302,4.189,4,3.982,4.065,4.08,4.053,4.561
75,2.16,4.729,5.641,5.19,5.196,5.308,5.668,6.018,5.859,6.58,6.706,6.876,7.178,7.557,7.774,7.925,8.143,8.495,8.685,9.117,9.801,9.968,9.944,10.11,10.56,4.575,4.599,4.479,5.236,5.781,4.959,4.984,5.182,5.24,5.96,5.223,5.093,4.652,8.838,4.254,4.645,5.631,5.042,5.728,5.469,4.552,3.791,4.757,4.668,4.657,4.669,4.652,4.572,4.293,7.253,4.635,4.845,4.326,4.959,4.742,4.317,4.706,5.566,5.292,4.074,5.641,8.229,4.742,4.529,4.508,4.602,4.618,4.587,5.161
80,2.428,5.312,6.334,5.825,5.832,5.957,6.357,6.747,6.568,7.375,7.512,7.699,8.034,8.457,8.699,8.863,9.105,9.497,9.709,10.19,10.93,11.13,11.1,11.29,11.79,5.136,5.164,5.028,5.876,6.483,5.566,5.593,5.814,5.881,6.682,5.861,5.716,5.222,9.876,4.777,5.214,6.316,5.66,6.428,6.137,5.11,4.259,5.34,5.24,5.228,5.241,5.222,5.133,4.82,8.118,5.203,5.439,4.858,5.567,5.323,4.848,5.284,6.245,5.937,4.576,6.326,9.202,5.323,5.085,5.062,5.167,5.184,5.15,5.794
85,2.71,5.925,7.06,6.492,6.499,6.636,7.078,7.511,7.311,8.207,8.357,8.562,8.931,9.398,9.667,9.845,10.11,10.54,10.78,11.32,12.12,12.34,12.31,12.52,13.07,5.725,5.757,5.605,6.548,7.219,6.202,6.231,6.477,6.553,7.438,6.531,6.369,5.82,10.96,5.327,5.811,7.033,6.307,7.161,6.838,5.696,4.749,5.952,5.84,5.826,5.841,5.82,5.722,5.374,9.023,5.8,6.062,5.416,6.204,5.933,5.405,5.889,6.958,6.613,5.102,7.044,10.22,5.933,5.668,5.643,5.76,5.777,5.74,6.457
90,3.005,6.565,7.821,7.189,7.196,7.347,7.833,8.309,8.088,9.077,9.239,9.462,9.867,10.38,10.68,10.87,11.16,11.64,11.9,12.49,13.35,13.6,13.56,13.8,14.41,6.341,6.377,6.209,7.25,7.987,6.867,6.899,7.169,7.256,8.228,7.232,7.052,6.445,12.09,5.901,6.435,7.783,6.984,7.929,7.57,6.309,5.263,6.591,6.468,6.452,6.468,6.445,6.338,5.953,9.968,6.424,6.714,6,6.87,6.57,5.987,6.523,7.703,7.32,5.653,7.795,11.28,6.572,6.278,6.25,6.38,6.398,6.356,7.151
95,3.312,7.233,8.614,7.916,7.923,8.088,8.619,9.141,8.897,9.983,10.16,10.4,10.84,11.4,11.73,11.94,12.25,12.77,13.06,13.71,14.63,14.91,14.87,15.14,15.8,6.983,7.024,6.838,7.983,8.789,7.56,7.595,7.891,7.989,9.052,7.962,7.765,7.096,13.27,6.501,7.086,8.564,7.691,8.728,8.334,6.947,5.798,7.258,7.122,7.105,7.123,7.097,6.98,6.557,10.95,7.075,7.393,6.609,7.564,7.235,6.595,7.183,8.479,8.057,6.228,8.577,12.39,7.237,6.915,6.884,7.026,7.045,7,7.874
100,3.633,7.929,9.439,8.672,8.68,8.859,9.436,10.01,9.737,10.92,11.11,11.37,11.85,12.47,12.82,13.04,13.38,13.95,14.26,14.97,15.96,16.27,16.22,16.52,17.24,7.652,7.697,7.492,8.744,9.621,8.281,8.319,8.642,8.751,9.907,8.722,8.505,7.774,14.49,7.125,7.763,9.377,8.425,9.56,9.128,7.612,6.356,7.951,7.802,7.784,7.803,7.775,7.648,7.186,11.97,7.753,8.1,7.242,8.287,7.927,7.227,7.87,9.287,8.823,6.826,9.39,13.53,7.93,7.577,7.543,7.699,7.718,7.669,8.627
125,5.417,11.8,14.02,12.87,12.88,13.14,13.97,14.8,14.4,16.14,16.4,16.76,17.45,18.34,18.85,19.15,19.64,20.46,20.92,21.96,23.28,23.75,23.68,24.14,25.17,11.37,11.44,11.13,12.97,14.24,12.29,12.34,12.81,12.98,14.65,12.94,12.62,11.54,21.23,10.59,11.52,13.88,12.5,14.18,13.54,11.3,9.455,11.8,11.58,11.55,11.58,11.54,11.36,10.68,17.62,11.52,12.02,10.76,12.3,11.77,10.74,11.69,13.77,13.08,10.15,13.9,19.86,11.78,11.26,11.21,11.44,11.46,11.39,12.81
150,7.485,16.27,19.32,17.73,17.73,18.08,19.2,20.32,19.77,22.15,22.49,22.96,23.88,25.08,25.78,26.16,26.81,27.92,28.54,29.95,31.65,32.31,32.21,32.84,34.23,15.66,15.76,15.33,17.86,19.56,16.91,16.98,17.62,17.87,20.12,17.81,17.37,15.89,28.94,14.6,15.87,19.08,17.21,19.51,18.63,15.57,13.04,16.25,15.95,15.91,15.95,15.89,15.65,14.72,24.1,15.86,16.56,14.83,16.93,16.2,14.8,16.1,18.94,17.98,13.99,19.1,27.12,16.22,15.51,15.44,15.76,15.77,15.68,17.64
175,9.813,21.3,25.28,23.18,23.17,23.62,25.06,26.51,25.78,28.88,29.3,29.89,31.08,32.62,33.52,33.99,34.81,36.25,37.05,38.87,40.98,41.84,41.7,42.53,44.31,20.48,20.62,20.05,23.34,25.53,22.1,22.18,23.01,23.35,26.24,23.28,22.7,20.77,37.55,19.11,20.74,24.9,22.5,25.49,24.34,20.36,17.07,21.25,20.85,20.8,20.85,20.78,20.47,19.26,31.35,20.75,21.65,19.4,22.14,21.19,19.36,21.05,24.75,23.48,18.32,24.93,35.23,21.21,20.29,20.2,20.61,20.62,20.5,23.06
200,12.38,26.84,31.83,29.17,29.16,29.71,31.5,33.31,32.4,36.27,36.78,37.5,38.96,40.89,42.01,42.57,43.59,45.36,46.37,48.63,51.17,52.26,52.08,53.12,55.32,25.78,25.96,25.25,29.37,32.09,27.81,27.91,28.94,29.38,32.96,29.29,28.56,26.14,46.97,24.07,26.11,31.31,28.32,32.07,30.62,25.63,21.51,26.75,26.24,26.18,26.25,26.16,25.77,24.25,39.3,26.12,27.25,24.43,27.86,26.67,24.39,26.5,31.13,29.54,23.07,31.33,44.1,26.71,25.54,25.44,25.95,25.96,25.81,29.03
225,15.17,32.85,38.95,35.68,35.66,36.32,38.47,40.67,39.55,44.26,44.87,45.73,47.49,49.82,51.17,51.84,53.06,55.21,56.42,59.17,62.17,63.49,63.27,64.53,67.19,31.53,31.76,30.89,35.9,39.19,33.99,34.11,35.36,35.92,40.25,35.81,34.91,31.97,57.13,29.45,31.92,38.24,34.63,39.2,37.43,31.35,26.33,32.7,32.09,32.02,32.1,31.98,31.52,29.67,47.88,31.95,33.33,29.89,34.06,32.61,29.83,32.41,38.05,36.09,28.24,38.27,53.68,32.66,31.24,31.12,31.74,31.74,31.56,35.5
250,18.16,39.29,46.57,42.65,42.61,43.39,45.94,48.55,47.21,52.82,53.53,54.54,56.62,59.36,60.97,61.73,63.19,65.71,67.15,70.41,73.9,75.47,75.21,76.69,79.85,37.69,37.97,36.92,42.9,46.79,40.62,40.76,42.24,42.92,48.04,42.79,41.72,38.2,67.97,35.21,38.15,45.66,41.38,46.84,44.72,37.47,31.49,39.09,38.35,38.27,38.36,38.23,37.69,35.47,57.06,38.19,39.83,35.74,40.71,38.98,35.67,38.74,45.46,43.11,33.77,45.69,63.91,39.04,37.35,37.2,37.95,37.94,37.72,42.44
275,21.34,46.14,54.67,50.05,49.99,50.9,53.86,56.91,55.34,61.89,62.71,63.88,66.28,69.47,71.34,72.22,73.91,76.84,78.51,82.32,86.3,88.14,87.83,89.55,93.23,44.24,44.57,43.34,50.33,54.85,47.66,47.82,49.54,50.36,56.3,50.21,48.95,44.83,79.44,41.34,44.76,53.54,48.56,54.94,52.46,43.98,36.98,45.87,45,44.9,45.02,44.86,44.23,41.64,66.78,44.83,46.74,41.95,47.77,45.74,41.87,45.47,53.32,50.56,39.65,53.57,74.75,45.82,43.84,43.67,44.54,44.52,44.27,49.81
300,24.69,53.36,63.21,57.86,57.78,58.81,62.2,65.72,63.9,71.44,72.38,73.71,76.46,80.1,82.25,83.24,85.19,88.53,90.46,94.83,99.33,101.5,101.1,103.1,107.3,51.14,51.53,50.09,58.16,63.34,55.07,55.25,57.23,58.19,65,58.02,56.56,51.81,91.5,47.8,51.74,61.83,56.11,63.48,60.61,50.83,42.76,53.01,52.01,51.9,52.03,51.85,51.13,48.14,77,51.82,54.03,48.49,55.2,52.86,48.41,52.55,61.6,58.41,45.84,61.87,86.13,52.96,50.68,50.48,51.49,51.45,51.16,57.58
350,31.88,68.81,81.5,74.57,74.42,75.73,80.03,84.54,82.19,91.84,93.03,94.7,98.19,102.8,105.5,106.7,109.2,113.5,115.9,121.5,127.1,129.8,129.3,131.8,137.2,65.89,66.41,64.55,74.9,81.48,70.92,71.15,73.68,74.94,83.59,74.72,72.84,66.74,117.2,61.62,66.64,79.56,72.28,81.74,78.05,65.5,55.15,68.29,67,66.86,67.03,66.79,65.89,62.05,98.81,66.77,69.6,62.5,71.11,68.1,62.39,67.71,79.31,75.18,59.11,79.6,110.4,68.24,65.31,65.06,66.35,66.28,65.92,74.22
400,39.64,85.47,101.2,92.58,92.33,93.94,99.2,104.8,101.9,113.8,115.2,117.3,121.5,127.2,130.5,132,135.1,140.2,143.2,150.1,156.8,160.2,159.6,162.6,169.2,81.79,82.45,80.13,92.93,101,87.99,88.26,91.38,92.98,103.6,92.71,90.37,82.81,144.7,76.51,82.7,98.63,89.69,101.4,96.82,81.29,68.5,84.74,83.15,82.97,83.18,82.89,81.78,77.04,122.2,82.88,86.38,77.6,88.24,84.51,77.46,84.04,98.38,93.24,73.4,98.67,136.4,84.7,81.08,80.76,82.36,82.25,81.8,92.14
450,47.89,103.2,122.2,111.7,111.4,113.3,119.6,126.3,122.7,137,138.8,141.2,146.3,153,157,158.7,162.5,168.5,172.1,180.4,188.3,192.3,191.6,195.2,203.1,98.68,99.48,96.68,112.1,121.7,106.1,106.4,110.2,112.1,124.8,111.8,109,99.89,173.9,92.34,99.75,118.9,108.2,122.3,116.7,98.07,82.69,102.2,100.3,100.1,100.3,99.98,98.67,92.96,147,99.99,104.2,93.63,106.4,101.9,93.47,101.4,118.6,112.4,88.59,118.9,164,102.2,97.83,97.45,99.37,99.21,98.68,111.2
500,56.58,121.8,144.3,131.9,131.4,133.6,140.9,148.9,144.7,161.4,163.5,166.4,172.4,180.1,184.7,186.8,191.2,198.2,202.4,212.1,221.3,226,225.1,229.2,238.5,116.4,117.4,114.1,132.2,143.5,125.2,125.5,129.9,132.3,147.1,131.9,128.5,117.8,204.4,109,117.7,140.1,127.6,144.2,137.7,115.7,97.61,120.6,118.3,118.1,118.4,118,116.4,109.7,173.1,118,122.9,110.5,125.5,120.3,110.3,119.6,139.9,132.5,104.6,140.2,192.9,120.6,115.4,115,117.3,117,116.4,131.3
550,65.65,141.2,167.3,152.9,152.2,154.8,163.2,172.4,167.5,186.9,189.3,192.6,199.5,208.2,213.6,215.9,221.1,229.1,233.8,245.2,255.5,260.9,260,264.6,275.4,134.9,136.1,132.2,153.2,166.1,145,145.4,150.5,153.2,170.2,152.8,148.9,136.6,236.1,126.3,136.4,162.3,147.9,167.1,159.5,134.1,113.2,139.7,137.1,136.8,137.2,136.7,134.9,127.2,200.1,136.7,142.4,128.1,145.5,139.4,127.9,138.6,162.1,153.5,121.2,162.3,222.9,139.7,133.8,133.3,135.9,135.6,134.9,152.2
600,75.05,161.4,191.2,174.7,173.8,176.7,186.3,196.8,191.2,213.2,216,219.7,227.5,237.4,243.4,246.1,252,261,266.4,279.3,290.9,297.1,296,301.2,313.4,154.1,155.4,151,174.9,189.6,165.6,166,171.8,175,194.3,174.5,170.1,155.9,268.9,144.3,155.7,185.2,168.9,190.8,182.1,153.2,129.3,159.6,156.6,156.2,156.6,156.1,154.1,145.3,228.1,156.2,162.7,146.3,166.1,159.2,146.1,158.3,185,175.3,138.5,185.2,254,159.6,152.8,152.2,155.2,154.9,154.1,173.9
650,84.76,182.1,215.8,197.2,196.1,199.3,210,221.9,215.6,240.3,243.5,247.7,256.5,267.4,274.2,277.2,283.8,293.9,299.8,314.4,327.4,334.2,333,338.8,352.5,173.9,175.4,170.4,197.3,213.9,186.8,187.3,193.7,197.4,219,196.8,191.8,175.9,302.7,162.9,175.7,208.8,190.5,215.3,205.5,172.8,146,180,176.6,176.3,176.7,176.1,173.9,163.9,256.9,176.2,183.5,165.1,187.4,179.6,164.8,178.6,208.7,197.6,156.3,208.8,285.9,180,172.4,171.8,175.1,174.7,173.8,196.3
700,94.72,203.4,241.2,220.3,218.9,222.5,234.4,247.6,240.6,268.1,271.7,276.3,286.1,298.1,305.6,309,316.4,327.5,334.1,350.4,364.7,372.3,370.9,377.3,392.5,194.2,195.9,190.3,220.3,238.7,208.6,209.2,216.3,220.3,244.4,219.7,214.2,196.4,337.2,181.9,196.2,233,212.7,240.4,229.4,193,163,201,197.2,196.8,197.3,196.6,194.2,183.1,286.5,196.8,204.9,184.4,209.2,200.5,184.1,199.5,232.9,220.6,174.6,233.1,318.6,201,192.6,191.9,195.6,195.1,194.1,219.3
750,104.9,225.3,267.1,244,242.3,246.2,259.3,274,266.2,296.5,300.5,305.6,316.4,329.6,337.8,341.5,349.8,361.9,369.1,387.2,402.7,411.1,409.6,416.5,433.4,215,216.8,210.6,243.7,264.2,230.8,231.5,239.3,243.9,270.3,243.2,237,217.4,372.5,201.4,217.1,257.8,235.4,266,254,213.6,180.5,222.5,218.3,217.8,218.4,217.6,215,202.7,316.7,217.8,226.8,204.1,231.6,221.9,203.8,220.8,257.8,244.1,193.3,257.8,352,222.5,213.2,212.4,216.5,215.9,214.8,242.8
800,115.3,247.5,293.6,268.1,266.1,270.4,284.6,300.8,292.3,325.4,329.9,335.5,347.4,361.6,370.5,374.6,383.7,396.9,404.6,424.6,441.5,450.6,449,456.5,474.9,236.2,238.2,231.4,267.7,290.1,253.6,254.3,262.9,267.8,296.8,267.1,260.3,238.8,408.4,221.3,238.4,283.1,258.6,292.2,279,234.6,198.4,244.4,239.8,239.2,239.9,239,236.2,222.7,347.5,239.3,249.2,224.3,254.4,243.7,223.9,242.5,283.1,268.1,212.4,283.1,386.1,244.4,234.2,233.3,237.8,237.2,236,266.9
850,125.9,270.1,320.5,292.7,290.3,295,310.4,328.2,318.9,354.8,359.8,365.9,378.8,394.1,403.7,408.3,418.2,432.4,440.8,462.6,480.9,490.8,489,497.1,517.1,257.8,259.9,252.5,292.1,316.5,276.7,277.6,286.8,292.3,323.7,291.4,284,260.5,444.9,241.5,260.2,308.8,282.1,318.9,304.5,256.1,216.5,266.6,261.6,261,261.7,260.8,257.8,243.1,378.7,261.2,271.9,244.8,277.6,266,244.4,264.7,308.8,292.5,231.8,308.8,420.6,266.7,255.5,254.6,259.6,258.8,257.5,291.3
900,136.7,293.1,347.9,317.7,314.9,319.9,336.6,355.9,345.8,384.6,390.1,396.8,410.7,427.1,437.4,442.4,453.2,468.5,477.4,501.1,520.8,531.5,529.6,538.2,559.9,279.7,282,273.9,316.8,343.3,300.2,301.2,311.1,317.1,351,316.1,308.1,282.6,481.8,262,282.2,334.9,306.1,346,330.3,277.8,234.9,289.2,283.8,283.2,283.9,282.9,279.8,263.9,410.5,283.4,295,265.7,301.2,288.5,265.2,287.1,335,317.2,251.5,334.9,455.6,289.4,277.2,276.2,281.6,280.7,279.3,316.2
950,147.6,316.4,375.7,343,339.8,345.2,363.1,384,373.1,414.8,420.8,428,443,460.4,471.5,477,488.7,505,514.5,540.1,561.2,572.6,570.6,579.7,603.1,302,304.4,295.7,341.8,370.4,324,325.1,335.8,342.2,378.7,341,332.5,305,519.2,282.8,304.5,361.3,330.4,373.4,356.6,299.9,253.6,312.2,306.2,305.6,306.4,305.3,302,284.9,442.6,305.9,318.4,286.8,325.1,311.4,286.3,309.9,361.5,342.3,271.5,361.3,491.1,312.4,299.2,298.1,304,302.9,301.4,341.4
1000,158.7,340,403.9,368.7,365,370.8,390,412.4,400.7,445.4,451.9,459.6,475.7,494.2,506,511.9,524.5,541.9,551.9,579.5,602,614.2,612,621.7,646.8,324.5,327,317.7,367.2,397.9,348.1,349.3,360.7,367.7,406.7,366.3,357.1,327.6,557,303.9,327.1,388.1,355,401.2,383.1,322.3,272.5,335.4,329,328.3,329.2,328,324.6,306.2,475.1,328.8,342.1,308.3,349.3,334.6,307.7,333,388.4,367.7,291.7,388.1,526.9,335.6,321.4,320.3,326.6,325.4,323.8,367
1500,274.3,586.1,698.6,637.5,627.5,637,668.9,708.7,688.4,762.6,775.6,788.9,816.4,844.9,863.2,874.8,896.6,924.7,939.6,988.4,1025,1045,1041,1056,1099,560.8,562.9,548.5,631.1,685,600.7,603,621.8,634.1,698.9,629.7,615.5,564.2,948.7,523.4,563.4,667.3,612.6,691.8,661.1,556.4,469.7,578.1,566.7,565.6,567.4,565.3,561,529.4,813.2,567.8,590.4,532.9,602.7,577.2,531.9,574.8,669.1,633.3,502.6,667.3,898.3,579.2,553.2,551.3,563.9,560.5,557,634.5
2000,394.5,841.4,1006,918.3,899,912.3,956.8,1016,986.5,1090,1111,1130,1169,1207,1230,1249,1280,1319,1337,1409,1461,1487,1482,1501,1562,807.7,807.4,789.5,904.1,983.5,864.1,867.7,893.8,912.1,1002,902.1,884.9,810.7,1351,750.9,809.6,957.6,881.4,994.5,951.1,800.8,674.3,831.1,814.6,813.1,815.9,812.7,808.1,763,1162,817.5,849.6,767.8,867.2,830.3,766.4,827.2,961.6,909.6,721.2,957.4,1280,833.3,793.3,790.6,811.6,805.4,798.4,913.8
2500,516,1099,1319,1203,1173,1190,1246,1325,1287,1418,1449,1474,1525,1571,1598,1626,1666,1715,1735,1832,1898,1931,1923,1947,2025,1059,1054,1034,1179,1286,1132,1137,1170,1194,1309,1177,1158,1061,1755,980.6,1060,1251,1154,1302,1245,1049,880.8,1088,1066,1064,1068,1064,1059,1001,1514,1071,1113,1007,1136,1088,1005,1084,1259,1190,941.9,1251,1664,1092,1036,1032,1063,1054,1042,1197
3000,637.7,1356,1632,1490,1446,1466,1535,1635,1588,1745,1787,1818,1881,1934,1964,2001,2051,2110,2130,2252,2334,2372,2363,2390,2485,1311,1300,1281,1454,1589,1400,1406,1446,1478,1617,1450,1433,1312,2156,1210,1311,1546,1429,1610,1541,1299,1087,1346,1319,1317,1322,1316,1312,1240,1866,1327,1378,1247,1406,1346,1245,1341,1557,1470,1162,1545,2046,1351,1277,1273,1316,1304,1284,1482
4000,879.1,1866,2257,2061,1985,2012,2105,2248,2183,2391,2458,2500,2585,2653,2683,2743,2811,2890,2906,3081,3193,3243,3229,3261,3391,1815,1787,1772,1996,2191,1936,1945,1998,2043,2229,1991,1981,1814,2947,1664,1812,2131,1976,2226,2130,1797,1496,1860,1824,1821,1828,1820,1817,1717,2561,1836,1906,1727,1944,1862,1724,1856,2151,2029,1599,2130,2799,1869,1755,1750,1822,1802,1765,2050
5000,1117,2368,2876,2626,2515,2548,2663,2853,2770,3022,3119,3171,3279,3360,3385,3471,3556,3655,3662,3892,4035,4095,4077,4113,4275,2315,2265,2261,2528,2786,2466,2478,2544,2604,2833,2522,2524,2312,3722,2110,2309,2709,2518,2836,2715,2291,1898,2370,2324,2321,2331,2321,2318,2191,3244,2341,2429,2204,2478,2374,2200,2366,2740,2582,2027,2708,3538,2383,2225,2218,2323,2297,2236,2613
6000,1351,2860,3488,3185,3034,3074,3209,3448,3347,3640,3769,3832,3961,4055,4071,4186,4287,4405,4401,4688,4861,4931,4908,4947,5141,2810,2735,2744,3050,3374,2991,3005,3083,3159,3429,3043,3061,2805,4480,2548,2801,3281,3055,3439,3292,2780,2292,2875,2820,2816,2828,2816,2814,2661,3915,2841,2947,2676,3007,2880,2671,2871,3323,3127,2449,3278,4264,2891,2686,2678,2819,2787,2699,3169
7000,1581,3345,4094,3738,3545,3590,3746,4035,3915,4246,4411,4483,4634,4740,4744,4889,5006,5142,5124,5469,5672,5751,5724,5765,5990,3300,3197,3222,3563,3955,3510,3527,3617,3707,4018,3555,3593,3292,5225,2978,3288,3845,3586,4037,3864,3264,2681,3374,3311,3306,3320,3306,3304,3126,4576,3337,3460,3143,3529,3381,3138,3371,3900,3665,2863,3841,4976,3394,3139,3130,3310,3272,3153,3719
8000,1808,3822,4693,4285,4047,4097,4274,4615,4477,4842,5043,5126,5297,5415,5403,5582,5714,5868,5833,6237,6470,6559,6527,6569,6824,3785,3652,3696,4067,4530,4024,4043,4144,4250,4600,4058,4119,3776,5958,3403,3770,4402,4111,4629,4430,3743,3063,3868,3797,3791,3808,3791,3791,3587,5227,3827,3968,3606,4047,3877,3600,3865,4471,4198,3271,4397,5678,3892,3586,3575,3796,3752,3601,4264
9000,2033,4292,5287,4827,4541,4598,4793,5189,5032,5428,5668,5761,5952,6081,6051,6266,6412,6584,6530,6994,7257,7354,7318,7361,7646,4266,4100,4166,4564,5099,4533,4554,4666,4789,5175,4554,4641,4254,6681,3821,4249,4954,4631,5215,4990,4218,3440,4358,4278,4272,4291,4272,4272,4043,5869,4313,4471,4065,4559,4369,4059,4356,5036,4725,3673,4948,6371,4385,4025,4013,4278,4228,4041,4803
10000,2254,4757,5876,5363,5030,5091,5305,5757,5581,6005,6287,6389,6600,6741,6690,6942,7101,7291,7215,7740,8034,8140,8099,8143,8456,4743,4542,4632,5054,5663,5037,5061,5184,5322,5745,5044,5157,4729,7393,4233,4723,5501,5147,5797,5545,4689,3812,4844,4756,4749,4771,4750,4750,4496,6505,4794,4969,4521,5068,4857,4513,4842,5597,5246,4070,5493,7054,4874,4459,4446,4756,4700,4476,5337
